keyword,currency,avg_monthly_searches,three_month_change,yoy_change,competition,competition_index,bid_low,bid_high,ad_impression_share,organic_impression_share,organic_avg_position,in_account,in_plan,searches_2025_07,searches_2025_08,searches_2025_09,searches_2025_10,searches_2025_11,searches_2025_12,searches_2026_01,searches_2026_02,searches_2026_03,searches_2026_04,searches_2026_05,searches_2026_06,priority_bucket
bounce house rental,USD,110000,0%,-33%,High,84,0.79,2.13,,,,,,135000,135000,110000,90500,60500,40500,74000,74000,110000,110000,135000,110000,deprioritize_rental
bounce house,USD,110000,23%,0%,High,100,0.33,1.86,,,,,,110000,110000,110000,90500,74000,74000,74000,74000,135000,110000,135000,135000,other
bounce house for sale,USD,22200,0%,0%,High,100,0.23,0.98,,,,,,27100,22200,22200,18100,14800,12100,12100,14800,27100,27100,27100,27100,secondary
bounce house rentals near me,USD,49500,0%,0%,Medium,62,0.71,2.21,,,,,,60500,60500,60500,49500,22200,27100,33100,33100,60500,60500,74000,60500,deprioritize_rental
jumping castle,USD,1900,0%,-21%,High,100,0.38,1.89,,,,,,1900,1600,1900,1900,1900,1300,1600,1600,2400,1900,1900,1900,other
inflatable rentals near me,USD,12100,50%,0%,Medium,62,0.68,1.99,,,,,,22200,14800,14800,9900,4400,3600,8100,8100,14800,14800,18100,22200,deprioritize_rental
bouncy castle rental,USD,6600,0%,-91%,Medium,67,0.54,1.81,,,,,,33100,5400,6600,5400,8100,1300,1600,1900,3600,3600,3600,3600,deprioritize_rental
white bounce house,USD,5400,-18%,-18%,High,100,0.31,1.65,,,,,,6600,6600,6600,5400,3600,2900,5400,4400,6600,6600,6600,5400,other
commercial bounce house,USD,3600,23%,0%,High,100,0.29,1.54,,,,,,5400,4400,3600,3600,2400,1600,2400,2400,4400,4400,5400,5400,primary
water slides for sale,USD,8100,124%,0%,High,100,0.20,0.87,,,,,,18100,6600,3600,1300,1000,1000,1600,2400,8100,9900,14800,22200,secondary
inflatable bounce house,USD,12100,-18%,-18%,High,99,0.30,1.59,,,,,,14800,18100,14800,12100,9900,9900,8100,8100,14800,14800,14800,12100,other
inflatables,USD,27100,22%,0%,High,94,0.47,3.13,,,,,,33100,27100,27100,49500,27100,27100,22200,18100,27100,27100,33100,33100,other
water bounce house,USD,9900,124%,-18%,High,100,0.35,1.65,,,,,,22200,8100,2900,1600,1300,1300,1900,3600,9900,12100,22200,27100,other
inflatable rentals,USD,9900,22%,-18%,High,68,0.71,1.97,,,,,,18100,14800,12100,8100,4400,2900,4400,5400,9900,12100,14800,14800,deprioritize_rental
water bounce house rental,USD,2900,125%,-18%,High,100,0.69,1.95,,,,,,8100,2900,720,260,140,170,390,720,2400,3600,6600,8100,deprioritize_rental
indoor bounce house,USD,9900,0%,-19%,High,100,0.21,1.25,,,,,,9900,8100,9900,12100,18100,18100,12100,8100,8100,6600,6600,6600,other
commercial bounce house for sale,USD,2900,0%,0%,High,100,0.31,1.83,,,,,,3600,2900,2900,2900,1900,1600,1900,2400,3600,3600,3600,3600,primary
inflatable slide,USD,5400,83%,0%,High,100,0.33,1.73,,,,,,9900,5400,4400,2900,2400,1900,1900,2400,5400,6600,8100,12100,other
bounce houses near me,USD,22200,0%,-18%,High,89,0.90,2.65,,,,,,27100,27100,22200,22200,18100,14800,22200,18100,27100,22200,22200,22200,deprioritize_rental
bouncy castle for sale,USD,480,-33%,-33%,High,100,0.22,1.14,,,,,,590,480,480,390,390,480,390,320,590,720,720,480,secondary
water slide bounce house,USD,12100,124%,-18%,High,100,0.38,1.75,,,,,,27100,14800,5400,2400,1900,1900,2900,4400,12100,14800,22200,33100,other
jump house rentals,USD,4400,-19%,-33%,High,73,0.69,2.07,,,,,,5400,5400,6600,4400,2900,1900,2900,2900,5400,5400,5400,4400,deprioritize_rental
inflatables near me,USD,4400,22%,0%,High,73,0.88,2.27,,,,,,6600,5400,5400,4400,2400,1900,3600,2900,5400,5400,5400,6600,deprioritize_rental
adult bounce house rental,USD,1600,-21%,-34%,Medium,65,0.61,1.85,,,,,,2900,1900,1300,1000,1000,590,1000,880,1900,2400,2400,1900,deprioritize_rental
inflatable water slides,USD,49500,173%,-18%,High,100,0.35,1.70,,,,,,110000,49500,18100,6600,4400,4400,6600,12100,40500,49500,90500,135000,other
inflatable obstacle course,USD,6600,0%,-18%,High,100,0.43,1.84,,,,,,9900,9900,6600,5400,3600,2900,3600,4400,6600,8100,9900,8100,other
inflatable slide rental,USD,2400,83%,0%,High,83,0.75,2.00,,,,,,5400,2900,1600,1300,720,390,880,1000,1900,2400,3600,4400,deprioritize_rental
inflatables for sale,USD,1600,0%,-21%,High,100,0.31,2.38,,,,,,2400,1600,1300,1600,1600,1600,1300,1000,1900,1900,2400,1900,secondary
jumpers for sale,USD,1900,0%,-17%,High,100,0.13,1.03,,,,,,2900,1900,1900,1900,1900,1600,1900,1900,2400,2400,2900,2400,secondary
commercial water slide,USD,2900,125%,0%,High,100,0.32,1.96,,,,,,5400,2400,1300,590,390,390,590,1000,2900,3600,5400,8100,primary
jumping castle for sale,USD,260,0%,0%,High,100,0.23,1.11,,,,,,260,170,210,170,260,170,210,260,320,260,320,260,secondary
bounce house with slide,USD,5400,23%,0%,High,100,0.40,1.76,,,,,,6600,5400,5400,4400,4400,2900,2900,3600,6600,6600,8100,8100,other
obstacle course bounce house,USD,4400,0%,0%,High,100,0.57,1.91,,,,,,4400,5400,5400,4400,3600,2400,2900,3600,5400,5400,6600,5400,other
bounce house rentals atlanta,USD,590,-33%,-55%,High,98,1.23,2.73,,,,,,880,720,720,720,320,260,390,480,880,880,880,590,deprioritize_rental
water inflatables,USD,3600,125%,0%,High,100,0.31,1.75,,,,,,6600,2900,1000,590,590,480,880,1000,3600,4400,6600,9900,other
commercial inflatables,USD,1000,60%,0%,High,100,0.41,2.68,,,,,,1300,1000,1000,720,590,480,590,720,1000,1000,1300,1600,primary
waterslide for sale,USD,2400,86%,-33%,High,100,0.24,1.04,,,,,,6600,2400,1000,480,320,140,260,480,1900,2900,4400,5400,secondary
water slide bounce house rental,USD,2900,125%,0%,High,99,0.72,2.00,,,,,,6600,3600,1000,390,260,260,590,880,2400,3600,5400,8100,deprioritize_rental
bouncy castle rental near me,USD,590,22%,0%,High,71,0.79,2.30,,,,,,720,1000,1300,590,320,170,320,260,590,720,880,880,deprioritize_rental
water slides rentals,USD,40500,122%,0%,High,75,0.70,1.95,,,,,,110000,49500,18100,6600,2900,2400,6600,9900,40500,49500,74000,110000,deprioritize_rental
buy bounce house,USD,2400,0%,0%,High,100,0.26,1.27,,,,,,2900,2900,2900,2400,1600,1000,1600,1600,2900,2900,2900,2900,secondary
white bounce house for sale,USD,480,-34%,-34%,High,100,0.30,1.50,,,,,,390,590,480,390,320,210,480,390,590,590,590,390,secondary
inflatable bounce house for sale,USD,1300,0%,-32%,High,100,0.27,1.38,,,,,,1600,2400,2400,1300,1000,880,880,880,1300,1300,1300,1300,secondary
bouncy castle to buy,USD,480,-33%,-33%,High,100,0.22,1.14,,,,,,590,480,480,390,390,480,390,320,590,720,720,480,other
moon bounce,USD,12100,-33%,0%,High,86,0.36,2.04,,,,,,8100,12100,18100,18100,14800,9900,8100,9900,14800,14800,9900,9900,other
jump house rentals near me,USD,49500,0%,0%,Medium,62,0.71,2.21,,,,,,60500,60500,60500,49500,22200,27100,33100,33100,60500,60500,74000,60500,deprioritize_rental
inflatable water slides for sale,USD,4400,23%,-33%,High,100,0.27,1.28,,,,,,12100,4400,1900,720,590,590,3600,880,4400,6600,5400,8100,secondary
bounce house purchase,USD,2400,0%,0%,High,100,0.26,1.27,,,,,,2900,2900,2900,2400,1600,1000,1600,1600,2900,2900,2900,2900,other
small bounce house rental,USD,1000,0%,0%,High,100,0.79,1.93,,,,,,1000,2400,1900,1300,1000,590,880,720,1000,880,880,880,deprioritize_rental
inflatable water slide for adults,USD,4400,175%,-33%,High,100,0.28,1.59,,,,,,14800,4400,1600,590,390,480,590,880,3600,4400,8100,12100,other
water jumping castle,USD,140,86%,0%,High,99,0.42,1.69,,,,,,210,110,40,20,20,10,30,50,210,210,260,390,other
bounce house atlanta,USD,1600,-16%,-16%,Medium,47,1.02,2.68,,,,,,1900,1600,1600,1600,1000,880,1600,1300,1900,1900,2400,1600,other
commercial inflatable water slides,USD,1300,177%,0%,High,100,0.32,1.75,,,,,,2900,1600,880,390,210,210,260,320,880,1300,1900,3600,primary
jumping castle rental,USD,1000,0%,0%,Medium,56,0.79,2.08,,,,,,880,1000,1000,1000,880,480,880,1300,1300,1000,1000,1000,deprioritize_rental
inflatable insurance,USD,170,0%,-33%,High,76,5.69,19.14,,,,,,260,210,170,110,70,70,110,140,210,260,260,260,other
obstacle course bounce house rental,USD,1000,-45%,-32%,High,86,0.71,2.00,,,,,,1000,1000,1600,1300,720,480,880,880,1300,1600,1300,880,deprioritize_rental
bounce house for adults,USD,4400,22%,-19%,High,100,0.26,1.69,,,,,,6600,5400,4400,3600,2900,2400,3600,2900,5400,5400,6600,6600,other
cheap bounce house rentals near me,USD,480,22%,22%,High,86,0.68,1.94,,,,,,480,590,590,480,390,210,320,320,590,590,720,720,deprioritize_rental
bounce house rental san antonio,USD,720,-33%,-19%,High,82,0.61,1.67,,,,,,590,590,1300,1000,720,480,720,720,1000,720,590,480,deprioritize_rental
large bounce house,USD,1300,23%,-16%,High,100,0.28,1.46,,,,,,1300,1300,1300,1000,880,880,720,880,1600,1300,1600,1600,other
cheap bounce house rentals,USD,1300,0%,-16%,High,85,0.71,1.95,,,,,,1600,1600,1600,1300,720,480,590,720,1600,1600,1900,1600,deprioritize_rental
jumpy house,USD,1600,0%,-16%,High,100,0.48,2.03,,,,,,1900,1600,1600,1300,1300,1000,1000,1000,1600,1600,1900,1600,other
industrial bounce house,USD,480,22%,0%,High,100,0.26,1.28,,,,,,720,590,480,390,390,210,260,320,590,590,720,720,other
water slide jumping castle,USD,70,22%,-35%,High,97,0.39,1.85,,,,,,140,90,40,40,20,20,20,30,90,90,90,110,other
inflatable jump house,USD,12100,-18%,-18%,High,99,0.30,1.59,,,,,,14800,18100,14800,12100,9900,9900,8100,8100,14800,14800,14800,12100,other
bounce house rental los angeles,USD,480,-19%,0%,High,78,1.11,4.84,,,,,,590,390,480,480,390,320,390,390,480,480,480,390,deprioritize_rental
inflatable house,USD,4400,0%,50%,High,100,0.14,1.50,,,,,,4400,3600,4400,5400,4400,3600,3600,4400,4400,6600,5400,6600,other
commercial water slides for sale,USD,880,140%,26%,High,100,0.31,2.19,,,,,,1900,880,390,210,170,170,260,320,880,1000,1600,2400,primary
inflatable playground,USD,880,-12%,-70%,High,100,0.28,1.35,,,,,,1300,1300,880,880,880,720,880,720,1000,1000,1000,880,other
water slide jumper,USD,1900,132%,-33%,High,100,0.45,1.79,,,,,,5400,1900,880,320,210,210,320,480,2400,1900,2400,4400,other
large inflatable water slide,USD,2400,175%,0%,High,100,0.32,1.71,,,,,,5400,2900,1600,720,590,480,480,720,1900,2400,4400,6600,other
blow up bounce house,USD,12100,-18%,-18%,High,99,0.30,1.59,,,,,,14800,18100,14800,12100,9900,9900,8100,8100,14800,14800,14800,12100,other
big bounce house,USD,2400,21%,-19%,High,100,0.25,1.65,,,,,,2900,2900,2900,1900,1300,1000,1300,1300,2400,2400,2900,2900,other
bounce house wholesale,USD,480,0%,0%,High,100,0.43,2.31,,,,,,480,480,590,320,320,260,390,390,590,590,590,590,primary
inflatable castle,USD,880,14%,-23%,High,99,0.32,1.74,,,,,,880,720,880,880,880,720,590,480,880,880,880,1000,other
blow up rentals,USD,720,0%,-23%,High,70,0.60,1.88,,,,,,1300,880,720,480,320,260,390,480,880,1000,1000,1000,deprioritize_rental
jump house for sale,USD,880,-12%,-12%,High,100,0.21,1.14,,,,,,1000,880,1300,880,720,480,720,720,1000,1000,1000,880,secondary
moon bounce for sale,USD,590,-18%,-28%,High,100,0.21,1.07,,,,,,880,880,590,590,390,260,390,480,720,880,880,720,secondary
water bounce house for sale,USD,590,82%,-33%,High,100,0.28,1.19,,,,,,1600,720,260,90,90,70,140,210,720,880,1300,1600,secondary
unicorn bounce house,USD,720,-18%,-28%,High,100,0.49,1.98,,,,,,880,880,880,720,590,480,590,590,880,880,880,720,other
inflatable slides for sale,USD,390,23%,-33%,High,100,0.26,1.18,,,,,,720,480,390,320,320,210,260,260,390,480,480,590,secondary
water bouncy castle,USD,140,86%,0%,High,100,0.39,1.81,,,,,,260,140,70,50,50,30,70,90,170,210,260,390,other
inflatable bouncy castle,USD,720,0%,-41%,High,100,0.31,1.80,,,,,,1300,1300,1600,590,590,320,390,390,590,590,590,590,other
unicorn bounce house rental,USD,210,-19%,53%,High,100,1.12,2.26,,,,,,210,260,320,210,140,140,210,170,320,320,260,260,deprioritize_rental
bounce house with blower,USD,4400,22%,-19%,High,100,0.24,0.92,,,,,,8100,5400,4400,3600,2900,2400,2400,2400,4400,5400,6600,6600,other
dinosaur bounce house,USD,1000,-23%,-23%,High,100,0.47,1.94,,,,,,1300,1300,1300,1000,880,720,880,1000,1300,1300,1300,1000,other
bouncer rentals,USD,1900,0%,-17%,Medium,63,0.73,2.28,,,,,,2900,2400,2400,1900,1300,880,1000,1300,1900,2400,2400,2400,deprioritize_rental
commercial inflatables for sale,USD,390,23%,-33%,High,100,0.48,2.95,,,,,,480,320,390,260,140,170,320,260,590,390,480,480,primary
monster truck bounce house,USD,1300,-38%,0%,High,100,0.73,2.02,,,,,,1600,1900,1600,1300,880,720,1300,1300,1900,1600,1600,1000,other
commercial bounce house with slide,USD,320,0%,-19%,High,100,0.38,1.61,,,,,,390,320,320,260,260,210,210,210,480,480,590,480,primary
adult bounce houses for sale,USD,320,23%,-19%,High,100,0.21,0.89,,,,,,480,320,260,260,210,170,170,170,390,390,390,480,secondary
commercial bounce house wholesale,USD,90,29%,29%,High,100,0.45,2.69,,,,,,70,70,260,90,90,70,30,40,90,70,70,90,primary
bounce house with slide rental,USD,880,14%,-38%,High,98,0.80,2.21,,,,,,1300,1000,1000,880,480,320,480,480,1000,880,1000,1000,deprioritize_rental
jump houses near me,USD,4400,0%,-18%,High,68,0.67,2.41,,,,,,4400,4400,3600,3600,4400,3600,4400,4400,5400,3600,3600,3600,deprioritize_rental
best bounce houses,USD,480,0%,-18%,High,99,0.48,1.44,,,,,,590,590,590,480,590,390,210,260,590,590,720,590,other
white inflatable bounce house,USD,320,-19%,-33%,High,100,0.27,1.53,,,,,,390,390,320,320,260,210,320,260,390,320,260,260,other
party jumpers,USD,720,0%,0%,High,92,0.60,2.24,,,,,,880,720,720,720,590,480,720,720,880,880,880,880,other
buy jumping castle,USD,30,0%,-40%,High,100,0.27,2.81,,,,,,30,30,20,30,20,10,20,30,30,30,50,30,secondary
large bounce house for sale,USD,390,23%,-33%,High,100,0.25,1.24,,,,,,480,590,480,390,260,210,260,260,390,390,480,480,secondary
inflatable jumping castle,USD,720,0%,-41%,High,100,0.31,1.80,,,,,,1300,1300,1600,590,590,320,390,390,590,590,590,590,other
bounce house manufacturers,USD,260,-19%,-33%,High,100,0.54,3.08,,,,,,260,320,390,210,110,170,210,170,320,320,260,260,primary
princess bounce house,USD,880,0%,14%,High,100,0.37,1.69,,,,,,1000,1000,1000,880,720,590,720,1000,1000,1000,1000,1000,other
indoor bounce house rental,USD,480,-19%,-33%,High,99,0.75,1.94,,,,,,390,480,590,720,880,590,880,480,320,320,260,260,deprioritize_rental
rent inflatable bounce house,USD,8100,-17%,-70%,High,76,0.75,2.03,,,,,,12100,14800,27100,18100,1600,1900,3600,2400,2900,2900,2400,2400,deprioritize_rental
bouncer rentals near me,USD,1300,0%,-33%,High,75,0.89,2.43,,,,,,1900,1900,1900,1300,720,590,880,880,1600,1600,1600,1600,deprioritize_rental
commercial inflatable bounce house,USD,260,22%,50%,High,100,0.30,1.83,,,,,,260,260,390,210,210,210,170,210,320,320,390,390,primary
inflatable jump house rental,USD,210,-19%,-83%,High,96,0.78,2.22,,,,,,210,880,170,140,110,70,90,110,170,210,170,170,deprioritize_rental
water jumper,USD,1300,123%,-19%,High,100,0.37,1.70,,,,,,2900,1900,720,390,320,390,590,590,1900,1300,1900,2900,other
moonwalks for sale,USD,320,-46%,-46%,High,100,0.21,0.92,,,,,,390,260,260,260,260,260,260,260,390,480,320,260,secondary
outdoor bounce house,USD,880,-23%,-23%,High,100,0.28,1.41,,,,,,880,880,880,720,720,590,590,590,1300,1300,1300,1000,other
water blow up slide,USD,480,171%,-16%,High,100,0.35,1.75,,,,,,1000,390,110,50,40,30,70,140,590,590,1000,1600,other
castle bounce house,USD,1300,0%,-16%,High,98,0.38,1.90,,,,,,1600,1600,1600,1300,1000,880,1000,1000,1600,1600,1600,1600,other
inflatable bouncer,USD,590,-33%,-19%,High,99,0.28,2.09,,,,,,720,720,880,720,390,590,480,390,590,720,590,480,other
inflatable slide rental near me,USD,390,49%,-12%,High,77,0.74,2.22,,,,,,880,590,480,320,140,90,170,170,320,590,590,880,deprioritize_rental
used bounce house for sale,USD,590,-18%,-28%,High,100,0.13,0.96,,,,,,880,720,720,590,390,390,320,480,720,880,880,720,secondary
white castle bounce house,USD,390,-19%,-19%,High,100,0.33,1.79,,,,,,480,480,480,390,260,260,390,320,480,480,390,390,other
party inflatables,USD,480,0%,-18%,High,100,0.45,1.95,,,,,,590,480,390,480,320,260,390,390,590,590,590,590,other
buy inflatable bounce house,USD,1300,0%,-32%,High,100,0.27,1.38,,,,,,1600,2400,2400,1300,1000,880,880,880,1300,1300,1300,1300,secondary
moon jumps for sale,USD,320,-46%,-34%,High,100,0.21,0.92,,,,,,320,320,260,210,260,210,260,320,480,390,320,210,secondary
cheap bounce house,USD,880,30%,-19%,High,100,0.23,1.51,,,,,,1000,1000,1000,880,720,590,590,590,1000,1000,1300,1300,other
bounce house business,USD,320,-18%,-46%,High,97,0.35,3.06,,,,,,480,320,260,260,210,210,320,260,390,390,390,320,other
bouncy water slide,USD,49500,173%,-18%,High,100,0.35,1.70,,,,,,110000,49500,18100,6600,4400,4400,6600,12100,40500,49500,90500,135000,other
blow up bounce house rental,USD,480,0%,-19%,High,99,0.56,1.93,,,,,,590,720,590,480,320,170,260,260,480,480,480,480,deprioritize_rental
used commercial bounce houses for sale,USD,480,0%,-45%,High,98,0.18,0.94,,,,,,720,590,720,480,390,260,260,320,480,480,590,480,primary
inflatable castle rental,USD,6600,0%,-91%,Medium,67,0.54,1.81,,,,,,33100,5400,6600,5400,8100,1300,1600,1900,3600,3600,3600,3600,deprioritize_rental
bounce house for sale near me,USD,720,0%,-12%,High,100,0.26,1.33,,,,,,1000,880,720,590,480,390,390,480,880,880,880,880,secondary
modern bounce house,USD,210,-35%,-35%,High,84,0.45,1.93,,,,,,260,210,260,210,140,140,210,170,260,260,170,170,other
big inflatable water slide,USD,1600,132%,0%,High,100,0.31,1.66,,,,,,3600,2400,1000,590,480,390,320,480,1300,1900,3600,4400,other
waterslide bounce house rentals,USD,210,177%,0%,High,95,0.82,2.11,,,,,,590,260,110,40,10,10,20,20,140,260,480,720,deprioritize_rental
indoor inflatable bounce house,USD,1000,22%,-18%,High,100,0.25,1.21,,,,,,720,880,880,1300,1900,1900,1600,1000,1000,590,590,720,other
bounce house water slide for sale,USD,720,122%,-33%,High,100,0.26,1.12,,,,,,1900,880,480,210,140,110,140,210,720,720,1000,1600,secondary
amazon bounce house,USD,1900,48%,-64%,High,100,0.15,0.60,,,,,,4400,1600,2900,1000,720,1000,1000,5400,880,880,1000,1300,other
water jump house,USD,9900,124%,-18%,High,100,0.35,1.65,,,,,,22200,8100,2900,1600,1300,1300,1900,3600,9900,12100,22200,27100,other
inflatable bounce house with slide,USD,720,22%,-32%,High,100,0.39,1.65,,,,,,880,1300,880,590,590,390,320,320,720,720,880,880,other
local bounce house rentals,USD,210,23%,23%,High,82,0.88,2.33,,,,,,210,260,320,260,110,40,90,90,260,260,260,320,deprioritize_rental
all white bounce house,USD,170,-33%,-46%,High,100,0.33,1.60,,,,,,210,170,170,140,90,90,140,140,170,210,170,140,other
big water slides for sale,USD,590,122%,60%,High,100,0.22,1.23,,,,,,1000,390,480,170,110,110,140,140,590,720,1000,1600,secondary
blow up water slide for adults,USD,4400,175%,-33%,High,100,0.28,1.59,,,,,,14800,4400,1600,590,390,480,590,880,3600,4400,8100,12100,other
bouncy slide rental,USD,480,50%,-18%,High,73,0.72,1.99,,,,,,720,720,590,480,210,110,170,210,390,480,720,720,deprioritize_rental
big bounce house for sale,USD,480,0%,-18%,High,100,0.22,0.96,,,,,,720,480,480,390,260,210,260,260,480,590,590,590,secondary
jumping balloons for sale,USD,170,-19%,0%,High,100,0.22,0.80,,,,,,210,170,170,210,140,110,170,170,260,260,210,210,secondary
bounce house rental prices,USD,1000,-23%,-23%,Medium,49,0.65,1.85,,,,,,1000,1300,1000,1000,720,480,720,720,1000,1300,1300,1000,deprioritize_rental
blow up water slide for sale,USD,4400,23%,-33%,High,100,0.27,1.28,,,,,,12100,4400,1900,720,590,590,3600,880,4400,6600,5400,8100,secondary
bouncers for sale,USD,320,-33%,-18%,High,100,0.28,1.40,,,,,,320,320,260,260,480,210,320,320,480,480,390,320,secondary
wholesale inflatables,USD,260,0%,24%,High,100,0.67,4.04,,,,,,210,260,480,260,260,140,170,170,390,260,320,260,primary
bounce house with water slide for adults,USD,590,82%,-16%,High,100,0.29,1.65,,,,,,1300,590,210,140,140,140,210,210,720,880,1300,1600,other
inflatable obstacle course for sale,USD,390,-19%,-19%,High,100,0.33,2.25,,,,,,880,390,390,320,260,170,260,320,480,480,480,390,secondary
blow up jump house,USD,12100,-18%,-18%,High,99,0.30,1.59,,,,,,14800,18100,14800,12100,9900,9900,8100,8100,14800,14800,14800,12100,other
bounce house cost,USD,1300,-19%,-19%,High,100,0.22,1.65,,,,,,1300,1300,1300,1300,880,720,880,880,1300,1600,1600,1300,other
wholesale commercial water slides for sale,USD,210,84%,181%,High,100,0.39,2.79,,,,,,210,50,110,70,40,30,70,90,320,320,480,590,primary
castle bounce house rental,USD,140,0%,-35%,High,100,0.80,1.97,,,,,,210,170,210,110,90,70,140,140,170,170,210,170,deprioritize_rental
bounce house rental cost,USD,590,-18%,-18%,Medium,49,0.66,1.84,,,,,,590,720,720,480,480,260,390,480,720,720,720,590,deprioritize_rental
inflatable water bounce house,USD,590,82%,-16%,High,100,0.39,1.75,,,,,,1300,880,140,90,90,70,110,210,720,880,1300,1600,other
large water slide,USD,1300,81%,-19%,High,100,0.31,1.67,,,,,,2900,1300,1000,720,590,590,720,590,1300,1600,2400,2900,other
blow up house,USD,4400,0%,50%,High,100,0.14,1.50,,,,,,4400,3600,4400,5400,4400,3600,3600,4400,4400,6600,5400,6600,other
commercial jumpers for sale,USD,170,-47%,-47%,High,100,0.32,2.41,,,,,,210,140,170,140,260,90,210,260,260,170,110,90,primary
affordable bounce house rentals,USD,320,0%,23%,High,67,0.89,2.21,,,,,,480,390,320,260,210,140,260,170,390,480,480,480,deprioritize_rental
custom bounce house,USD,140,-21%,-35%,High,92,1.96,11.37,,,,,,140,140,260,140,110,110,140,90,140,140,110,110,primary
professional bounce house,USD,140,24%,-34%,High,100,0.25,1.06,,,,,,210,170,140,140,110,90,90,90,140,170,210,210,other
bounce houses for rent under $100 near me,USD,10,-100%,-100%,Unknown,,,,,,,,,10,10,10,0,10,10,10,10,20,10,0,0,deprioritize_rental
commercial bouncy castle for sale,USD,30,25%,-29%,High,100,0.33,2.66,,,,,,50,40,20,20,20,20,10,30,30,40,30,50,primary
inflatable manufacturers usa,USD,70,-43%,-43%,High,93,1.84,6.99,,,,,,70,110,210,90,110,50,50,40,50,70,40,40,primary
neutral bounce house,USD,70,-29%,-55%,High,100,0.29,1.38,,,,,,90,70,90,90,90,70,50,70,90,70,50,50,other
water bounce house rental near me,USD,390,171%,-19%,High,98,0.70,2.00,,,,,,1000,480,110,30,10,10,70,90,260,480,880,1300,deprioritize_rental
giant bounce house,USD,1000,60%,0%,High,100,0.24,1.51,,,,,,1600,1300,1300,880,720,480,720,720,880,1000,1300,1600,other
bounce house with pool,USD,320,49%,-12%,High,100,0.32,1.55,,,,,,720,320,140,70,70,40,110,170,390,590,590,880,other
bounce house company,USD,320,0%,0%,High,80,0.88,3.51,,,,,,480,390,390,260,170,140,260,170,320,480,390,480,other
bounce house business for sale,USD,140,-33%,-46%,High,96,0.54,2.93,,,,,,170,170,140,110,110,90,110,110,140,210,170,140,secondary
bounce water slide rental,USD,170,127%,-18%,High,99,0.76,1.99,,,,,,480,210,50,10,20,10,10,30,110,260,390,590,deprioritize_rental
inflatable water slide rentals near me,USD,18100,123%,0%,Medium,56,0.69,1.97,,,,,,49500,22200,9900,6600,720,2400,8100,8100,18100,22200,33100,49500,deprioritize_rental
inflatable axe throwing,USD,480,0%,-19%,High,100,0.39,2.30,,,,,,590,720,590,720,260,210,320,260,480,480,590,480,other
inflatable jumper,USD,590,0%,-18%,High,100,0.28,1.57,,,,,,880,720,590,720,590,480,480,480,720,720,720,720,other
inflatable playhouse,USD,480,23%,0%,High,99,0.30,1.81,,,,,,480,390,390,390,390,480,390,390,390,480,480,590,other
unicorn bounce house rental near me,USD,90,22%,0%,High,100,0.71,1.88,,,,,,140,110,90,70,50,30,70,50,140,90,110,110,deprioritize_rental
bounce house prices,USD,1300,-19%,-19%,High,100,0.22,1.65,,,,,,1300,1300,1300,1300,880,720,880,880,1300,1600,1600,1300,other
commercial bounce house packages,USD,40,0%,-40%,Medium,64,0.89,3.11,,,,,,50,50,70,40,50,20,20,10,30,30,30,30,primary
buy commercial bounce house,USD,2900,0%,0%,High,100,0.31,1.83,,,,,,3600,2900,2900,2900,1900,1600,1900,2400,3600,3600,3600,3600,primary
backyard bounce house,USD,590,22%,22%,High,100,0.39,1.57,,,,,,590,480,480,480,390,590,260,260,720,720,880,880,other
water jump house rental,USD,90,86%,-33%,High,96,0.76,1.99,,,,,,260,140,30,10,10,10,10,20,110,140,170,260,deprioritize_rental
best bounce house rentals near me,USD,110,0%,27%,High,83,0.90,2.88,,,,,,110,110,110,110,50,40,70,70,110,140,170,140,deprioritize_rental
commercial jump house,USD,3600,23%,0%,High,100,0.29,1.54,,,,,,5400,4400,3600,3600,2400,1600,2400,2400,4400,4400,5400,5400,primary
construction bounce house,USD,210,-18%,-46%,High,100,0.68,2.05,,,,,,320,320,320,210,140,90,210,170,210,170,140,140,other
commercial inflatable water slides for adults,USD,210,127%,-18%,High,100,0.36,1.79,,,,,,390,140,170,70,90,40,90,110,260,260,390,590,primary
heavy duty bounce house,USD,260,0%,0%,High,99,0.30,1.14,,,,,,210,260,390,210,260,140,110,320,480,320,320,320,other
wholesale bounce houses packages,USD,20,-50%,-71%,High,98,0.45,2.51,,,,,,30,20,10,20,10,10,40,20,40,40,40,20,primary
inflatable party house,USD,590,0%,-19%,High,99,0.18,1.69,,,,,,480,480,720,720,480,590,590,390,590,480,590,480,other
commercial bounce house water slide,USD,90,189%,-33%,High,100,0.30,1.62,,,,,,260,170,50,30,20,20,10,20,90,90,140,260,primary
adult bouncy castles,USD,210,0%,-19%,High,91,0.32,1.79,,,,,,260,210,210,210,140,90,140,90,210,260,260,260,other
water jumpers for sale,USD,210,181%,-18%,High,100,0.20,1.02,,,,,,480,260,70,20,30,20,50,140,480,210,320,590,secondary
blow up house rental,USD,170,-33%,-33%,High,85,0.64,1.88,,,,,,210,210,260,170,90,50,90,110,210,210,170,140,deprioritize_rental
white bounce house with slide,USD,210,-19%,-19%,High,100,0.47,1.85,,,,,,260,260,320,260,170,140,210,210,260,260,170,210,other
obstacle bounce house,USD,4400,0%,0%,High,100,0.57,1.91,,,,,,4400,5400,5400,4400,3600,2400,2900,3600,5400,5400,6600,5400,other
balloon house rental,USD,210,-35%,-58%,High,95,0.92,2.11,,,,,,260,260,260,210,110,90,320,140,170,170,170,110,deprioritize_rental
inflatable bounce house water slide,USD,12100,124%,-18%,High,100,0.38,1.75,,,,,,27100,14800,5400,2400,1900,1900,2900,4400,12100,14800,22200,33100,other
wet bounce house rentals,USD,90,189%,-33%,High,93,0.73,1.95,,,,,,320,140,40,30,0,0,10,10,40,90,170,260,deprioritize_rental
inflatable jumpers for sale,USD,210,-19%,21%,High,100,0.21,0.99,,,,,,110,140,140,720,140,140,110,140,210,210,170,170,secondary
industrial water slide,USD,260,126%,0%,High,100,0.27,1.72,,,,,,720,260,110,70,40,20,50,70,210,390,590,880,other
commercial waterslide,USD,320,83%,0%,High,100,0.35,2.21,,,,,,590,260,110,70,30,50,110,110,390,480,480,880,primary
commercial bouncy castle,USD,110,-29%,-76%,High,100,0.25,1.52,,,,,,170,210,260,110,40,50,70,70,90,70,70,50,primary
bounce house houston,USD,390,-18%,-33%,High,68,0.80,3.89,,,,,,390,390,390,390,390,320,390,320,480,390,390,320,other
black bounce house,USD,320,0%,0%,High,99,0.42,1.70,,,,,,390,480,590,480,210,170,260,260,260,260,260,260,other
moonwalk bounce house,USD,320,0%,-18%,High,99,0.30,2.31,,,,,,320,320,320,320,260,170,210,320,320,320,390,320,other
bounce house with slide for sale,USD,480,23%,-18%,High,100,0.26,1.08,,,,,,720,480,480,390,390,320,320,320,590,480,590,590,secondary
buy inflatable water slide,USD,4400,23%,-33%,High,100,0.27,1.28,,,,,,12100,4400,1900,720,590,590,3600,880,4400,6600,5400,8100,secondary
party rentals bounce house,USD,1300,-12%,0%,High,68,0.83,2.29,,,,,,880,2400,5400,590,590,320,590,390,880,1000,880,880,deprioritize_rental
cheap inflatables,USD,260,0%,-19%,High,100,0.25,1.60,,,,,,210,140,210,320,320,320,140,170,210,260,320,260,other
blow up slides for sale,USD,70,100%,-18%,High,100,0.28,1.21,,,,,,170,50,50,40,40,40,20,30,70,70,90,140,secondary
custom inflatables near me,USD,30,-67%,-67%,High,98,11.13,27.17,,,,,,20,20,40,20,20,20,20,30,90,30,20,10,deprioritize_rental
water slides for sale near me,USD,480,233%,23%,High,100,0.23,0.95,,,,,,1300,390,140,50,40,40,50,70,320,480,880,1600,secondary
blow up slide rental near me,USD,210,129%,-19%,High,77,0.71,2.01,,,,,,480,320,170,110,90,40,70,90,110,170,390,390,deprioritize_rental
large bounce house rental,USD,140,21%,0%,High,100,0.70,2.09,,,,,,170,170,210,140,90,70,70,90,170,140,170,170,deprioritize_rental
adult jump house,USD,4400,22%,-19%,High,100,0.26,1.69,,,,,,6600,5400,4400,3600,2900,2400,3600,2900,5400,5400,6600,6600,other
big bounce house rental,USD,260,0%,-18%,High,85,0.51,1.79,,,,,,260,320,260,260,140,90,170,170,260,320,390,320,deprioritize_rental
party bounce house,USD,1300,-38%,-47%,High,97,0.77,2.37,,,,,,1300,2400,1600,1300,880,720,1300,1300,1600,1600,1600,1000,other
blow up castle,USD,210,24%,24%,High,100,0.30,1.56,,,,,,210,210,210,260,170,210,170,170,210,210,210,260,other
white jump house,USD,260,-34%,-19%,High,100,0.27,1.53,,,,,,260,260,260,260,170,140,260,260,320,320,210,210,other
small inflatable bounce house,USD,320,0%,-19%,High,100,0.17,1.21,,,,,,320,320,320,320,320,390,260,260,320,390,390,390,other
large inflatables,USD,480,51%,-18%,High,100,0.47,3.18,,,,,,590,390,590,480,590,720,260,260,390,390,390,590,other
bounce house white,USD,5400,-18%,-18%,High,100,0.31,1.65,,,,,,6600,6600,6600,5400,3600,2900,5400,4400,6600,6600,6600,5400,other
pastel bounce house,USD,320,-19%,50%,High,100,0.27,1.28,,,,,,320,210,210,210,210,210,260,320,590,590,480,480,other
buy water slide,USD,210,84%,-18%,High,100,0.23,1.06,,,,,,480,260,110,30,70,20,30,70,170,320,480,590,secondary
inflatable party,USD,590,23%,-33%,High,100,0.70,2.29,,,,,,880,720,1000,720,480,390,480,390,590,480,720,590,other
big blow up water slide,USD,2400,175%,0%,High,100,0.32,1.71,,,,,,5400,2900,1600,720,590,480,480,720,1900,2400,4400,6600,other
jumping balloon,USD,880,-12%,-12%,High,100,0.28,1.65,,,,,,1000,880,880,1000,880,720,720,720,1000,1000,1000,880,other
inflatable business,USD,210,-19%,-19%,High,99,0.71,4.02,,,,,,210,210,260,210,210,170,170,140,260,260,210,210,other
bounce house rental new york,USD,320,23%,-19%,High,90,0.73,1.75,,,,,,590,390,390,210,140,90,170,140,320,390,480,480,deprioritize_rental
inflatables to buy,USD,1600,0%,-21%,High,100,0.31,2.38,,,,,,2400,1600,1300,1600,1600,1600,1300,1000,1900,1900,2400,1900,other
bounce house rental nearby,USD,320,0%,-81%,Medium,52,0.81,2.34,,,,,,590,590,480,390,260,140,210,90,210,170,210,170,deprioritize_rental
bouncy castle purchase,USD,480,-33%,-33%,High,100,0.22,1.14,,,,,,590,480,480,390,390,480,390,320,590,720,720,480,other
blow up jump house rental,USD,480,0%,-19%,High,99,0.56,1.93,,,,,,590,720,590,480,320,170,260,260,480,480,480,480,deprioritize_rental
party jumpers for sale,USD,170,-18%,-18%,High,100,0.15,0.90,,,,,,170,170,170,140,140,110,170,140,210,170,210,140,secondary
combo bounce house rental,USD,210,0%,-34%,High,74,0.71,2.28,,,,,,260,260,260,170,110,70,210,140,260,210,210,210,deprioritize_rental
cheap bounce house for sale,USD,1000,-18%,-33%,High,100,0.21,1.09,,,,,,390,320,260,170,110,110,140,880,8100,390,480,320,secondary
jumper water slide rental,USD,590,122%,-33%,High,76,0.60,1.95,,,,,,1600,880,210,50,40,30,90,170,590,720,720,1600,deprioritize_rental
blow up castle rental,USD,1300,-21%,-99%,Medium,57,0.68,1.85,,,,,,9900,4400,1300,110,170,40,260,140,260,140,140,110,deprioritize_rental
commercial blow up water slide,USD,1300,177%,0%,High,100,0.32,1.75,,,,,,2900,1600,880,390,210,210,260,320,880,1300,1900,3600,primary
bouncy castle manufacturers,USD,20,0%,0%,High,100,0.97,2.62,,,,,,10,20,20,10,10,20,70,10,30,10,10,10,primary
construction bounce house rental near me,USD,70,-29%,-55%,Medium,47,0.89,2.02,,,,,,140,170,110,90,40,20,50,70,50,70,50,50,deprioritize_rental
inflatables for adults,USD,590,30%,30%,High,100,0.26,1.57,,,,,,880,590,480,590,260,210,260,260,720,1000,1000,1300,other
jumpers for parties,USD,480,-34%,-34%,High,100,0.75,2.25,,,,,,480,480,480,480,390,320,480,480,590,590,480,390,other
used commercial water slides for sale,USD,590,81%,-55%,High,99,0.20,1.85,,,,,,1600,720,390,170,90,90,140,210,590,720,1000,1300,primary
13x13 bounce house,USD,390,-19%,-19%,High,100,0.33,1.60,,,,,,390,390,320,390,260,170,260,320,590,480,480,390,other
bounce house slide combo,USD,480,22%,22%,High,100,0.50,1.88,,,,,,480,390,720,320,260,140,260,260,480,590,720,720,other
pokemon bounce house,USD,320,-33%,52%,High,100,0.89,2.01,,,,,,320,320,390,260,170,170,320,320,480,480,390,320,other
fire truck bounce house,USD,390,-19%,-34%,High,100,0.61,1.94,,,,,,590,590,590,480,320,260,320,390,390,480,390,390,other
water slide inflatable for adults,USD,170,129%,-33%,High,100,0.26,1.49,,,,,,480,140,30,10,10,10,10,20,210,210,260,480,other
bounce house vendors,USD,50,-29%,-29%,High,100,0.69,2.78,,,,,,50,40,40,40,20,10,50,40,90,70,70,50,other
bounce house purchase price,USD,70,-36%,0%,High,100,0.17,0.62,,,,,,90,70,50,70,40,30,20,50,90,140,170,90,other
space bounce house,USD,140,0%,-18%,High,98,0.60,2.25,,,,,,140,170,140,110,70,70,110,110,170,140,140,140,other
bouncy slide,USD,390,51%,-18%,High,100,0.38,1.70,,,,,,590,480,390,320,210,170,170,210,390,390,590,590,other
commercial bounce house clearance,USD,110,-35%,325%,High,100,0.28,1.43,,,,,,70,50,90,70,70,40,30,170,210,260,170,170,primary
combo bounce house,USD,480,-19%,-33%,High,100,0.51,1.88,,,,,,480,590,720,320,390,210,320,320,720,590,590,480,other
large inflatable bounce house,USD,390,23%,-19%,High,100,0.29,1.59,,,,,,590,590,720,480,320,210,260,170,320,390,480,480,other
commercial jumping castle for sale,USD,30,25%,-29%,High,100,0.33,2.66,,,,,,50,40,20,20,20,20,10,30,30,40,30,50,primary
jumping rentals,USD,3600,0%,0%,Medium,65,0.67,2.07,,,,,,2900,2900,2900,3600,2400,1900,2900,2900,4400,3600,3600,3600,deprioritize_rental
bounce house and water slide,USD,12100,124%,-18%,High,100,0.38,1.75,,,,,,27100,14800,5400,2400,1900,1900,2900,4400,12100,14800,22200,33100,other
15x15 bounce house,USD,260,0%,-18%,High,100,0.30,1.43,,,,,,320,260,320,260,140,140,140,140,260,320,320,320,other
blow up play house,USD,170,-19%,0%,High,100,0.32,1.69,,,,,,210,170,140,170,210,210,110,140,260,260,210,210,other
bounce house supplier,USD,260,-19%,-33%,High,100,0.54,3.08,,,,,,260,320,390,210,110,170,210,170,320,320,260,260,other
bounce house warehouse,USD,90,0%,-21%,High,99,0.28,1.61,,,,,,110,110,70,70,90,50,70,70,90,110,110,110,other
bounce house companies near me,USD,260,50%,23%,Medium,57,0.91,3.06,,,,,,260,320,260,260,170,140,210,210,390,320,320,480,deprioritize_rental
large water slides for sale,USD,590,122%,60%,High,100,0.22,1.23,,,,,,1000,390,480,170,110,110,140,140,590,720,1000,1600,secondary
inflatable waterslide for sale,USD,70,420%,86%,High,100,0.27,1.51,,,,,,140,70,30,20,10,20,10,10,50,50,140,260,secondary
commercial inflatable obstacle course,USD,110,-18%,-36%,High,100,0.44,2.27,,,,,,170,140,140,140,70,50,90,90,140,110,140,90,primary
water bounce house for adults,USD,140,182%,0%,High,100,0.26,1.66,,,,,,210,110,90,40,10,20,30,30,110,170,210,480,other
best bounce house to buy,USD,70,-44%,-55%,High,100,0.43,1.41,,,,,,70,90,110,70,70,30,30,50,70,90,70,50,other
pokemon bounce house near me,USD,30,-33%,-50%,High,100,0.75,2.40,,,,,,30,20,30,20,20,30,20,30,30,30,30,20,deprioritize_rental
large inflatable slide,USD,320,86%,-34%,High,99,0.33,1.79,,,,,,480,480,590,320,140,140,110,140,320,210,390,390,other
rainbow bounce house rental,USD,40,-25%,-40%,Medium,55,0.68,1.86,,,,,,40,50,50,30,10,10,40,30,50,40,40,30,deprioritize_rental
blow up slide rentals,USD,1000,46%,0%,High,87,0.72,1.97,,,,,,1900,1300,880,590,320,210,390,480,1000,1300,1600,1900,deprioritize_rental
best inflatable bounce house,USD,50,0%,-22%,High,100,0.47,1.32,,,,,,90,50,50,50,90,40,20,30,50,70,70,70,other
commercial moon bounce for sale,USD,50,25%,-29%,High,100,0.39,2.25,,,,,,50,50,50,30,40,10,20,70,90,40,30,50,primary
cutting edge inflatables,USD,170,0%,-19%,High,100,1.01,4.60,,,,,,210,210,170,140,170,90,110,140,210,170,170,170,branded
bounce house black friday,USD,70,-100%,-100%,Unknown,,,,,,,,,10,10,10,10,720,40,10,10,20,10,10,0,other
commercial inflatables wholesale,USD,30,100%,-50%,Medium,48,0.88,3.18,,,,,,20,20,110,20,30,20,10,10,10,10,10,20,primary
bounce house for 10 year olds,USD,140,0%,21%,High,100,0.24,0.94,,,,,,110,140,110,110,110,110,70,110,170,170,170,170,other
best water bounce house,USD,70,200%,-34%,High,100,0.44,1.23,,,,,,170,30,10,10,10,10,10,10,50,70,140,210,other
inflatable companies near me,USD,260,22%,0%,Medium,63,1.04,3.07,,,,,,390,320,320,210,140,90,170,210,320,320,320,390,deprioritize_rental
bounce house banners,USD,210,-34%,0%,High,100,0.39,3.30,,,,,,210,210,260,170,140,90,210,260,320,320,260,210,other
large bouncy castle for sale,USD,20,0%,-60%,High,94,0.28,1.69,,,,,,30,20,10,10,10,10,10,10,10,20,30,20,secondary
bounce house packages,USD,70,0%,-36%,High,100,0.63,2.37,,,,,,90,110,50,70,50,40,40,50,90,70,90,70,other
bounce house clearance,USD,390,23%,23%,High,100,0.16,0.91,,,,,,480,720,590,390,260,210,320,260,480,390,390,480,other
industrial inflatable water slide,USD,110,191%,0%,High,100,0.26,1.62,,,,,,320,140,40,30,30,30,20,30,90,110,210,320,other
bounce party rentals,USD,260,-19%,-19%,Medium,40,0.77,2.28,,,,,,320,210,170,210,140,170,260,210,260,320,320,260,deprioritize_rental
moonwalk inflatables,USD,260,22%,0%,High,100,0.02,2.28,,,,,,390,260,320,260,140,140,170,210,320,320,480,390,other
water slide jumper for sale,USD,260,84%,0%,High,100,0.20,1.14,,,,,,590,260,90,40,40,30,70,110,390,320,390,590,secondary
blow up bounce house for sale,USD,1300,0%,-32%,High,100,0.27,1.38,,,,,,1600,2400,2400,1300,1000,880,880,880,1300,1300,1300,1300,secondary
inflatable manufacturers,USD,140,-33%,-33%,High,88,1.84,6.01,,,,,,210,170,210,110,90,140,90,110,170,210,170,140,primary
bounce house water slide combo,USD,210,85%,0%,High,100,0.45,1.79,,,,,,260,210,140,260,90,50,50,70,170,260,320,480,other
inflatable castle for sale,USD,480,-33%,-33%,High,100,0.22,1.14,,,,,,590,480,480,390,390,480,390,320,590,720,720,480,secondary
commercial size bounce house,USD,70,0%,-18%,High,100,0.27,1.03,,,,,,140,90,70,40,40,30,40,40,90,90,70,90,primary
jumping castle with slide,USD,140,0%,-19%,High,99,0.51,1.76,,,,,,170,210,170,90,50,50,90,90,140,170,140,170,other
huge bounce house,USD,1000,60%,0%,High,100,0.24,1.51,,,,,,1600,1300,1300,880,720,480,720,720,880,1000,1300,1600,other
hullabaloo bounce house,USD,140,-19%,21%,High,100,1.13,2.04,,,,,,140,110,140,110,110,70,90,140,210,210,140,170,other
extra large bounce house,USD,110,0%,21%,High,100,0.28,1.53,,,,,,140,110,90,70,90,90,70,90,170,170,170,170,other
modern bounce house rental,USD,70,-29%,-44%,High,90,1.07,2.35,,,,,,90,110,110,70,50,40,70,70,110,70,110,50,deprioritize_rental
affordable bounce house,USD,210,-19%,-19%,High,100,0.77,2.23,,,,,,320,260,260,210,110,90,110,170,320,320,390,260,other
water slides for adults for sale,USD,320,108%,0%,High,100,0.21,1.03,,,,,,720,210,90,30,30,30,70,110,320,480,720,1000,secondary
bounce house rental prices near me,USD,50,25%,-64%,Medium,50,0.63,1.94,,,,,,110,90,70,90,40,10,30,20,70,40,70,50,deprioritize_rental
large inflatable water slide for adults,USD,320,125%,-45%,High,100,0.28,1.60,,,,,,1000,390,110,70,30,50,50,110,390,320,480,720,other
wet bounce house,USD,170,129%,-19%,High,100,0.43,1.80,,,,,,390,210,90,30,20,20,30,30,210,210,390,480,other
water slide bounce house rentals near me,USD,390,156%,0%,High,78,0.73,2.12,,,,,,880,590,480,50,20,20,50,70,260,390,880,1000,deprioritize_rental
inflatable slides near me,USD,260,181%,0%,High,99,0.75,2.41,,,,,,480,260,210,140,110,70,480,110,170,210,260,590,deprioritize_rental
small white bounce house,USD,170,0%,0%,High,100,0.23,1.21,,,,,,170,210,170,210,140,110,260,170,210,170,170,170,other
jumper with slide rental,USD,210,0%,-19%,High,84,0.68,2.02,,,,,,260,210,210,210,140,110,140,140,210,260,210,260,deprioritize_rental
bounce house los angeles,USD,210,-19%,-47%,High,96,1.09,4.08,,,,,,260,260,260,260,210,110,170,170,260,210,260,170,other
indoor bouncy castle rental,USD,10,0%,0%,Low,21,,,,,,,,10,10,10,10,10,10,10,10,10,10,10,10,deprioritize_rental
bounce house san antonio,USD,390,-64%,-19%,High,73,0.68,1.88,,,,,,320,390,390,390,390,260,390,390,720,720,480,260,other
obstacle course water slide rental,USD,90,91%,0%,High,71,0.55,1.86,,,,,,210,70,30,10,10,10,30,10,90,110,170,210,deprioritize_rental
water bouncy castle rental,USD,10,100%,-50%,High,99,1.25,2.26,,,,,,40,10,10,10,10,0,10,10,10,10,20,20,deprioritize_rental
commercial white bounce house,USD,50,0%,-22%,High,100,0.53,2.31,,,,,,50,50,50,40,20,40,30,50,50,70,70,70,primary
wet dry bounce house,USD,210,22%,-19%,High,100,0.42,1.64,,,,,,320,210,140,90,90,50,90,140,390,320,320,390,other
ninja bounce house,USD,320,0%,0%,High,100,0.62,2.52,,,,,,320,390,320,320,210,210,260,260,390,320,480,320,other
home bounce house,USD,260,-19%,-19%,High,100,0.26,1.22,,,,,,260,210,260,320,390,320,170,210,320,320,320,260,other
blow up slides for rent near me,USD,210,129%,-19%,High,77,0.71,2.01,,,,,,480,320,170,110,90,40,70,90,110,170,390,390,deprioritize_rental
open bounce house rental,USD,30,-33%,-50%,High,95,1.34,2.31,,,,,,40,40,50,40,30,20,20,10,40,30,20,20,deprioritize_rental
water moon bounce rental,USD,40,120%,0%,High,100,0.93,2.18,,,,,,90,40,10,10,10,10,10,10,30,50,70,110,deprioritize_rental
inflatable rentals for adults,USD,210,-18%,-33%,High,73,0.65,1.96,,,,,,390,210,110,90,70,30,90,50,320,390,320,320,deprioritize_rental
inflatable company,USD,320,-33%,23%,Medium,66,1.29,4.44,,,,,,210,210,480,320,210,140,110,140,210,480,720,320,other
full size bounce house,USD,90,0%,0%,High,100,0.23,0.84,,,,,,110,110,90,70,70,70,50,70,110,110,90,110,other
giant water slides for sale,USD,210,127%,-18%,High,100,0.22,1.38,,,,,,590,260,260,140,50,50,70,70,110,260,390,590,secondary
bigtop inflatables,USD,480,0%,-18%,High,100,0.28,2.14,,,,,,720,390,320,320,260,210,480,480,720,720,720,720,other
buy bounce house with slide,USD,70,29%,0%,High,100,0.28,1.32,,,,,,70,90,90,70,20,50,50,50,140,70,70,90,secondary
obstacle course bounce house for sale,USD,210,-19%,-35%,High,100,0.26,1.30,,,,,,140,260,260,210,170,90,170,140,260,210,260,170,secondary
bounce house for sale under $500,USD,10,-67%,-67%,High,100,0.33,1.09,,,,,,20,20,10,10,10,0,10,10,10,30,10,10,secondary
commercial inflatable slide,USD,170,88%,-18%,High,100,0.33,1.87,,,,,,260,210,210,140,110,90,70,90,210,170,210,320,primary
giant bounce house for sale,USD,90,0%,0%,High,100,0.21,0.87,,,,,,90,90,90,90,50,40,70,70,90,110,110,110,secondary
jumping castle purchase,USD,30,0%,-40%,High,100,0.27,2.81,,,,,,30,30,20,30,20,10,20,30,30,30,50,30,other
pink bounce house rental near me,USD,70,-55%,-44%,Medium,66,0.92,1.99,,,,,,90,50,70,40,20,40,70,30,90,110,110,50,deprioritize_rental
inflatable bouncy castle rental,USD,1300,-21%,-99%,Medium,57,0.68,1.85,,,,,,9900,4400,1300,110,170,40,260,140,260,140,140,110,deprioritize_rental
commercial bounce house blower,USD,170,24%,-34%,High,100,0.35,1.55,,,,,,260,170,260,90,90,50,70,90,170,170,210,210,primary
batman bounce house rental,USD,30,-33%,-50%,Medium,52,1.01,1.91,,,,,,30,50,40,30,20,10,20,20,50,30,20,20,deprioritize_rental
jungle bounce house,USD,170,24%,0%,High,98,0.61,2.31,,,,,,210,210,170,140,110,140,170,140,210,210,260,260,other
industrial inflatables,USD,70,-22%,-22%,High,100,0.28,2.68,,,,,,90,50,110,70,70,50,20,50,70,90,50,70,other
bounce house combo for sale,USD,140,24%,50%,High,100,0.32,1.69,,,,,,140,140,90,70,90,40,110,90,210,170,170,210,secondary
bounce house financing,USD,40,25%,0%,High,84,1.07,9.23,,,,,,40,40,90,90,20,30,30,20,40,40,30,50,other
commercial slides for sale,USD,50,-29%,-44%,High,100,0.77,3.98,,,,,,70,50,90,70,30,20,50,40,90,70,70,50,primary
bounce house business starter kits,USD,30,33%,-43%,High,100,0.22,1.82,,,,,,50,30,40,20,10,10,20,20,30,30,20,40,other
gorilla bounce house,USD,170,0%,-46%,High,97,0.76,3.31,,,,,,210,170,140,140,70,70,140,140,210,210,170,210,other
inflatable house rental,USD,110000,0%,-33%,High,84,0.79,2.13,,,,,,135000,135000,110000,90500,60500,40500,74000,74000,110000,110000,135000,110000,deprioritize_rental
bounce house small,USD,3600,0%,-18%,High,100,0.16,1.07,,,,,,3600,3600,3600,3600,3600,2900,2900,2900,3600,3600,4400,3600,other
atlanta inflatable rentals,USD,70,320%,91%,Low,30,1.47,2.37,,,,,,90,50,40,50,40,10,40,40,90,50,40,210,deprioritize_rental
jumping rentals near me,USD,5400,0%,-33%,High,70,0.73,2.52,,,,,,8100,5400,5400,5400,4400,2900,4400,4400,6600,5400,5400,5400,deprioritize_rental
bounce house manufacturers usa,USD,40,200%,-57%,High,100,0.57,2.07,,,,,,20,40,30,10,30,20,30,50,70,10,110,30,primary
used inflatables for sale,USD,210,0%,0%,High,100,0.26,1.07,,,,,,210,210,210,210,210,110,170,140,210,260,260,260,secondary
large bounce house for adults,USD,90,27%,0%,High,98,0.27,1.48,,,,,,140,140,140,90,50,40,40,50,90,110,90,140,other
moon walk for sale,USD,90,-36%,0%,High,94,0.21,1.00,,,,,,110,70,70,70,50,50,70,90,110,110,110,70,secondary
inflatable bounce house rental near me,USD,260,22%,22%,Medium,66,0.77,2.47,,,,,,320,260,390,260,140,140,110,170,320,320,390,390,deprioritize_rental
spacewalk rentals near me,USD,70,-22%,75%,Medium,65,0.83,2.01,,,,,,40,50,70,50,50,30,50,70,110,90,70,70,deprioritize_rental
commercial bounce house for adults,USD,40,50%,-40%,High,100,0.21,0.97,,,,,,40,70,110,40,40,50,20,30,30,20,30,30,primary
indoor outdoor bounce house,USD,140,29%,-36%,High,99,0.19,0.91,,,,,,170,90,140,170,320,210,140,110,90,70,110,90,other
air bounce rental,USD,20,-33%,0%,High,78,0.49,1.63,,,,,,20,30,20,20,10,10,10,20,20,30,20,20,deprioritize_rental
blow up jumping castle,USD,50,67%,-44%,High,100,0.41,1.75,,,,,,70,50,40,50,50,30,50,40,50,30,70,50,other
tropical bounce house,USD,210,0%,-33%,High,100,0.65,2.07,,,,,,320,260,170,170,90,50,110,110,260,260,260,260,other
bounce house pick up today,USD,170,-19%,24%,High,100,0.33,1.85,,,,,,260,210,170,110,70,90,70,90,170,260,210,210,other
best bounce house water slide,USD,70,180%,-46%,High,100,0.45,1.29,,,,,,170,50,10,10,20,10,10,10,110,50,170,140,other
party inflatables for rent near me,USD,260,22%,-19%,High,71,0.73,2.22,,,,,,390,390,260,210,260,90,110,140,320,320,320,390,deprioritize_rental
moon bounce water slide rental,USD,20,200%,-18%,High,100,0.83,1.96,,,,,,70,20,10,10,10,10,10,10,20,30,30,90,deprioritize_rental
bouncy obstacle course,USD,6600,0%,-18%,High,100,0.43,1.84,,,,,,9900,9900,6600,5400,3600,2900,3600,4400,6600,8100,9900,8100,other
bounce house and water slide rentals,USD,2900,125%,0%,High,99,0.72,2.00,,,,,,6600,3600,1000,390,260,260,590,880,2400,3600,5400,8100,deprioritize_rental
industrial bounce house for sale,USD,140,0%,24%,High,100,0.28,1.40,,,,,,110,170,140,140,90,90,110,90,170,210,210,210,secondary
white jumping castle for sale,USD,210,-19%,24%,Medium,53,0.16,2.11,,,,,,260,210,170,260,140,140,210,170,260,320,260,260,secondary
large bounce house with slide,USD,320,0%,0%,High,100,0.36,1.58,,,,,,480,320,320,260,320,170,170,170,480,390,480,390,other
construction bounce house rental,USD,50,-29%,25%,High,80,0.70,2.00,,,,,,50,40,50,30,30,20,50,90,70,70,70,50,deprioritize_rental
big inflatable,USD,590,0%,-33%,High,100,0.42,3.28,,,,,,590,390,590,720,720,880,390,320,590,590,590,590,other
at home bounce house,USD,90,-18%,-18%,High,95,0.25,0.99,,,,,,90,70,70,90,110,90,70,50,110,110,90,90,other
white bounce house rental los angeles,USD,10,0%,0%,High,94,0.98,2.85,,,,,,20,20,20,10,10,10,10,10,10,10,10,10,deprioritize_rental
slip and slide bounce house,USD,260,175%,22%,High,100,0.48,1.97,,,,,,590,320,110,40,50,50,70,50,210,320,480,880,other
party inflatables for sale,USD,70,-29%,-29%,High,100,0.21,1.27,,,,,,70,50,140,70,70,30,40,50,70,70,70,50,secondary
farm bounce house,USD,210,-19%,-35%,High,100,0.50,1.91,,,,,,210,260,320,210,170,140,140,170,210,210,140,170,other
bounce house under $100,USD,70,57%,-35%,High,96,0.17,0.97,,,,,,90,70,70,90,50,70,70,50,90,70,110,110,other
moon jumps,USD,1300,-19%,30%,High,93,0.31,2.42,,,,,,1000,1000,1000,1300,1000,880,1000,1000,1600,1600,1900,1300,other
buy white bounce house,USD,10,-50%,0%,High,100,0.40,1.60,,,,,,10,20,10,10,10,10,10,10,10,20,10,10,secondary
best bounce house with slide,USD,30,0%,-43%,High,100,0.39,1.51,,,,,,40,30,10,30,50,40,10,20,50,40,50,40,other
inflatable fun,USD,590,22%,-18%,High,99,0.35,2.26,,,,,,720,590,590,1000,320,320,210,260,390,590,590,720,other
rent water bounce house near me,USD,390,171%,-19%,High,98,0.70,2.00,,,,,,1000,480,110,30,10,10,70,90,260,480,880,1300,deprioritize_rental
luxury bounce house,USD,50,0%,-36%,High,100,0.92,2.74,,,,,,50,40,40,30,20,30,50,50,70,70,50,70,other
heavy duty water slide,USD,110,336%,23%,High,100,0.29,1.41,,,,,,210,90,40,10,50,10,10,20,70,110,210,480,other
inflatable jumper rental,USD,90,-50%,-50%,Medium,64,0.83,2.38,,,,,,90,90,90,90,70,30,90,90,90,140,110,70,deprioritize_rental
inflatable playground rental,USD,110,0%,0%,High,98,0.74,1.86,,,,,,90,390,260,50,70,40,70,50,90,90,110,90,deprioritize_rental
indoor blow up bounce house,USD,1000,22%,-18%,High,100,0.25,1.21,,,,,,720,880,880,1300,1900,1900,1600,1000,1000,590,590,720,other
inflatable water jumping castle,USD,10,0%,0%,High,100,,,,,,,,10,10,0,10,10,0,10,0,10,10,10,10,other
inflatable bounce house for adults,USD,170,22%,50%,High,100,0.26,1.46,,,,,,210,170,140,140,140,110,90,110,260,320,260,390,other
obstacle course water slide,USD,390,83%,0%,High,100,0.44,1.85,,,,,,880,390,140,70,50,40,90,110,480,480,720,880,other
water inflatables for sale,USD,90,133%,24%,High,100,0.28,1.25,,,,,,170,70,70,30,70,40,30,40,90,90,140,210,secondary
bounce house with water slide and air blower,USD,10,0%,-67%,High,100,0.73,3.30,,,,,,20,10,10,10,0,10,10,0,0,10,10,10,other
wet and dry bounce house,USD,210,22%,-19%,High,100,0.42,1.64,,,,,,320,210,140,90,90,50,90,140,390,320,320,390,other
blow up bounce house water slide,USD,70,240%,-47%,High,99,0.43,1.61,,,,,,260,110,50,30,10,10,10,20,50,50,110,170,other
commercial bounce house with blower,USD,170,24%,-34%,High,100,0.35,1.55,,,,,,260,170,260,90,90,50,70,90,170,170,210,210,primary
water slide purchase,USD,8100,124%,0%,High,100,0.20,0.87,,,,,,18100,6600,3600,1300,1000,1000,1600,2400,8100,9900,14800,22200,other
blower for water slide,USD,480,156%,-23%,High,100,0.23,0.79,,,,,,1300,880,260,110,40,50,90,90,390,390,720,1000,other
cheap bouncy castle rental,USD,20,100%,100%,Medium,47,0.82,1.77,,,,,,10,20,30,10,10,10,10,10,50,10,20,20,deprioritize_rental
jumpers for sale los angeles,USD,50,-29%,-29%,High,99,0.17,0.92,,,,,,50,40,40,70,50,50,50,50,70,70,50,50,secondary
jumper with slide,USD,480,0%,0%,High,100,0.62,2.00,,,,,,590,480,480,480,390,320,390,390,720,720,720,720,other
moon bounces,USD,12100,-33%,0%,High,86,0.36,2.04,,,,,,8100,12100,18100,18100,14800,9900,8100,9900,14800,14800,9900,9900,other
best bouncy castle,USD,10,100%,0%,High,84,0.44,1.39,,,,,,30,20,10,10,10,10,10,10,10,10,10,20,other
jumpers wholesale,USD,140,0%,-19%,High,100,0.29,1.66,,,,,,170,110,110,110,140,90,110,70,210,170,170,170,primary
inflatable mini golf,USD,110,0%,-21%,High,100,0.34,1.83,,,,,,110,170,140,110,50,40,70,90,90,110,90,110,other
8x8 bounce house,USD,140,55%,55%,High,100,0.29,1.36,,,,,,140,110,140,110,140,90,140,140,170,110,170,170,other
small bounce house for sale,USD,110,-18%,-47%,High,100,0.13,0.75,,,,,,110,590,70,70,90,50,70,50,110,110,70,90,secondary
water moon bounce,USD,110,129%,-18%,High,100,0.43,1.95,,,,,,260,110,50,10,20,10,20,20,90,140,170,320,other
best commercial bounce house,USD,50,-29%,25%,High,100,0.52,2.00,,,,,,30,40,140,70,70,20,10,50,50,70,50,50,primary
inflatable playground for sale,USD,30,-75%,-50%,High,84,0.27,1.96,,,,,,30,30,30,20,10,10,50,10,30,40,30,10,secondary
bountech bounce house,USD,210,50%,85%,High,100,0.19,0.80,,,,,,170,110,140,170,170,210,140,140,260,320,480,480,other
professional bounce house for sale,USD,70,29%,29%,High,100,0.26,1.29,,,,,,90,70,50,70,50,30,30,30,70,70,90,90,secondary
mini bounce house for sale,USD,20,-50%,-67%,High,100,,,,,,,,30,30,20,10,20,20,10,10,20,20,20,10,secondary
bounce obstacle course,USD,170,-19%,-19%,High,100,0.57,2.17,,,,,,170,170,260,210,140,90,110,110,170,260,260,210,other
inflatable games for sale,USD,140,-56%,0%,High,100,0.39,2.68,,,,,,140,110,170,110,70,50,70,70,90,320,260,140,secondary
bounce house distributor,USD,20,-50%,-75%,High,100,0.72,2.29,,,,,,20,20,10,10,10,10,10,10,40,20,20,10,other
water slide inflatable rentals,USD,14800,124%,-18%,High,91,0.66,1.95,,,,,,49500,18100,5400,1600,880,880,1900,2400,12100,18100,27100,40500,deprioritize_rental
white commercial bounce house,USD,50,-20%,0%,High,100,0.59,2.00,,,,,,50,70,50,20,30,30,30,50,50,50,50,40,primary
bounce house and slide combo,USD,480,22%,22%,High,100,0.50,1.88,,,,,,480,390,720,320,260,140,260,260,480,590,720,720,other
commercial blow up bounce house,USD,260,22%,50%,High,100,0.30,1.83,,,,,,260,260,390,210,210,210,170,210,320,320,390,390,primary
commercial moonwalks for sale,USD,20,0%,0%,High,100,0.40,2.16,,,,,,40,20,20,10,10,20,0,10,20,20,10,20,primary
aesthetic bounce house,USD,110,-48%,-35%,High,100,0.29,1.41,,,,,,110,110,110,90,90,70,110,110,170,210,140,110,other
wholesale water slides,USD,70,27%,-33%,High,100,0.36,2.41,,,,,,170,50,30,20,10,20,10,40,140,110,170,140,primary
inflatable bouncers for sale,USD,90,0%,-29%,High,100,0.27,1.27,,,,,,50,390,110,170,40,30,70,40,70,50,30,50,secondary
combo bounce house rental near me,USD,20,50%,50%,High,69,0.66,2.08,,,,,,10,30,20,20,10,10,10,10,10,20,20,30,deprioritize_rental
blow up rentals for adults,USD,10,0%,0%,Medium,56,0.31,1.47,,,,,,20,10,10,10,10,10,10,0,10,10,10,10,deprioritize_rental
fun jumps for sale,USD,70,-55%,-29%,High,100,0.18,0.73,,,,,,90,70,40,70,50,30,70,40,90,110,70,50,secondary
bounce house deals,USD,140,0%,-33%,High,100,0.30,1.91,,,,,,210,260,170,170,170,140,70,70,110,140,110,140,other
inflatable jump house for sale,USD,1300,0%,-32%,High,100,0.27,1.38,,,,,,1600,2400,2400,1300,1000,880,880,880,1300,1300,1300,1300,secondary
cheap commercial bounce houses for sale,USD,40,0%,-78%,High,88,0.53,2.19,,,,,,40,30,110,50,50,50,20,10,30,20,20,20,primary
bounce house for teens,USD,320,23%,0%,High,100,0.35,1.67,,,,,,320,390,260,260,320,210,260,260,480,390,480,480,other
birthday party bounce house rentals,USD,140,-50%,-50%,High,86,0.65,2.00,,,,,,210,390,320,50,50,40,140,140,140,140,90,70,deprioritize_rental
white bounce house purchase,USD,10,0%,-50%,High,100,0.27,2.10,,,,,,10,10,10,10,10,10,10,10,10,10,20,10,other
commercial moon bounce,USD,70,29%,0%,High,100,0.32,1.78,,,,,,70,70,170,50,70,30,40,50,70,70,110,90,primary
giant bounce house rental,USD,260,0%,-18%,High,85,0.51,1.79,,,,,,260,320,260,260,140,90,170,170,260,320,390,320,deprioritize_rental
commercial inflatable water slides for sale,USD,210,129%,-19%,High,100,0.38,2.13,,,,,,590,140,170,50,70,30,50,70,210,210,320,480,primary
water slide jump house,USD,170,88%,-46%,High,100,0.44,1.87,,,,,,480,260,90,70,50,20,20,30,110,170,260,320,other
local inflatable rentals,USD,50,25%,-29%,Medium,62,0.75,2.01,,,,,,90,70,70,70,10,10,30,40,50,40,50,50,deprioritize_rental
unicorn water slide,USD,140,191%,-18%,High,98,0.41,1.87,,,,,,320,210,70,50,30,20,30,30,110,110,210,320,other
white castle bounce house for sale,USD,40,0%,-75%,High,100,,,,,,,,20,20,90,210,10,10,20,10,30,10,10,10,secondary
small bounce house with slide,USD,170,0%,-34%,High,100,0.25,1.17,,,,,,210,170,170,210,140,140,110,110,210,210,260,210,other
bouncy castle rental cost,USD,30,-25%,-25%,Medium,48,0.58,1.77,,,,,,30,40,30,30,40,20,20,20,30,40,30,30,deprioritize_rental
slip and slide bounce house rental,USD,70,143%,-19%,High,90,0.63,1.89,,,,,,170,110,20,10,10,10,10,10,40,70,140,170,deprioritize_rental
purchase inflatable water slide,USD,4400,23%,-33%,High,100,0.27,1.28,,,,,,12100,4400,1900,720,590,590,3600,880,4400,6600,5400,8100,other
commercial bouncers for sale,USD,20,-50%,0%,High,100,0.47,2.13,,,,,,10,30,20,20,20,10,10,20,20,20,20,10,primary
bouncy slide rental near me,USD,40,133%,0%,High,75,0.72,2.63,,,,,,90,70,50,20,10,10,10,10,40,30,50,70,deprioritize_rental
lego bounce house rental,USD,110,-36%,80%,High,100,0.74,1.87,,,,,,30,70,140,110,70,90,140,110,110,140,140,90,deprioritize_rental
commercial bouncy castle to buy,USD,30,25%,-29%,High,100,0.33,2.66,,,,,,50,40,20,20,20,20,10,30,30,40,30,50,primary
inflatable rentals for adults near me,USD,20,0%,50%,High,67,0.51,1.81,,,,,,20,110,10,10,10,10,0,10,10,30,20,30,deprioritize_rental
unicorn water slide rental,USD,40,200%,80%,High,94,0.76,2.09,,,,,,90,90,20,10,10,10,10,10,50,30,70,90,deprioritize_rental
small bounce house rental near me,USD,70,-29%,-44%,High,100,0.88,2.09,,,,,,70,70,90,70,50,30,70,40,90,70,90,50,deprioritize_rental
water slide adults,USD,4400,174%,22%,High,100,0.23,1.52,,,,,,9900,2900,880,390,320,320,480,880,4400,6600,9900,18100,other
inflatable house for adults,USD,390,175%,238%,High,100,0.10,1.30,,,,,,210,320,210,390,260,170,210,590,480,320,390,880,other
bounce house prices to buy,USD,70,-36%,0%,High,100,0.17,0.62,,,,,,90,70,50,70,40,30,20,50,90,140,170,90,other
purchase inflatable bounce house,USD,1300,0%,-32%,High,100,0.27,1.38,,,,,,1600,2400,2400,1300,1000,880,880,880,1300,1300,1300,1300,other
party bounce house for sale,USD,30,-25%,-40%,High,100,0.13,1.19,,,,,,20,30,20,40,20,30,20,30,50,40,50,30,secondary
white mini bounce house,USD,50,0%,67%,High,100,0.20,1.15,,,,,,30,40,70,50,40,40,50,30,50,50,30,50,other
buy now pay later bounce house,USD,20,300%,300%,High,84,0.60,3.26,,,,,,10,20,110,10,30,20,10,10,10,10,10,40,secondary
mini inflatable bounce house,USD,170,21%,21%,High,100,0.18,1.10,,,,,,90,210,110,140,210,260,140,140,170,140,140,170,other
bounce house slide combo rental,USD,90,22%,-21%,High,73,0.76,2.16,,,,,,90,140,90,50,40,30,50,50,110,90,110,110,deprioritize_rental
bounce house castle rental,USD,30,-33%,-50%,High,95,1.00,1.85,,,,,,50,40,50,40,20,20,20,10,20,30,10,20,deprioritize_rental
space bounce house rental,USD,50,-43%,-20%,High,88,0.61,2.30,,,,,,50,50,30,40,30,30,30,50,70,70,70,40,deprioritize_rental
bounce house industrial,USD,480,22%,0%,High,100,0.26,1.28,,,,,,720,590,480,390,390,210,260,320,590,590,720,720,other
us inflatables,USD,70,80%,-18%,High,96,1.02,4.37,,,,,,90,90,140,90,70,30,30,30,40,50,70,90,other
obstacle course for sale,USD,90,-22%,0%,High,100,0.33,2.31,,,,,,70,110,90,90,90,90,50,90,90,90,110,70,secondary
slide rentals for parties,USD,30,-40%,0%,High,67,0.73,2.00,,,,,,20,30,50,30,10,10,10,30,30,50,30,30,deprioritize_rental
large inflatables for sale,USD,90,57%,-21%,High,100,0.34,2.65,,,,,,110,110,210,90,70,70,40,50,90,70,110,110,secondary
large jumping castle,USD,20,100%,-60%,High,100,,,,,,,,10,20,20,30,10,10,30,20,30,10,10,20,other
indoor bounce house with slide,USD,170,0%,-59%,High,100,0.19,0.72,,,,,,110,170,170,210,390,320,140,140,140,70,110,70,other
commercial jumping castle,USD,110,-29%,-76%,High,100,0.25,1.52,,,,,,170,210,260,110,40,50,70,70,90,70,70,50,primary
buy commercial inflatables,USD,20,-50%,-33%,High,91,0.82,2.75,,,,,,30,40,20,10,10,20,10,20,30,40,30,20,primary
new bounce house for sale,USD,140,0%,25%,High,100,0.29,1.14,,,,,,70,70,210,40,30,40,880,30,40,50,50,50,secondary
inflatable water slide and bounce house,USD,210,182%,-19%,High,100,0.46,1.70,,,,,,320,260,210,170,50,70,70,50,140,170,320,480,other
giant inflatables for sale,USD,90,57%,-21%,High,100,0.34,2.65,,,,,,110,110,210,90,70,70,40,50,90,70,110,110,secondary
water bounce house near me,USD,320,50%,-19%,High,100,0.66,2.18,,,,,,590,260,90,110,70,170,320,590,480,320,320,480,deprioritize_rental
huge bounce house for sale,USD,480,0%,-18%,High,100,0.22,0.96,,,,,,720,480,480,390,260,210,260,260,480,590,590,590,secondary
bounce house and slide,USD,5400,23%,0%,High,100,0.40,1.76,,,,,,6600,5400,5400,4400,4400,2900,2900,3600,6600,6600,8100,8100,other
large water bounce house,USD,210,85%,-33%,High,100,0.37,1.75,,,,,,390,140,70,30,40,30,50,90,210,260,480,480,other
wholesale inflatable bounce houses,USD,30,0%,-57%,High,100,0.47,2.21,,,,,,20,30,20,20,20,20,20,30,70,30,30,30,primary
wet dry bounce house rental,USD,40,250%,-36%,Medium,66,0.60,1.75,,,,,,90,70,20,10,10,10,10,10,30,20,70,70,deprioritize_rental
magic bounce house,USD,170,-18%,0%,High,96,0.74,3.70,,,,,,170,170,140,170,210,170,170,170,210,170,170,140,other
water bounce,USD,590,296%,46%,High,100,0.29,1.45,,,,,,1000,590,320,210,140,170,170,210,480,480,720,1900,other
commercial waterslide for sale,USD,70,55%,-19%,High,100,0.36,2.25,,,,,,110,50,20,10,10,10,20,40,90,110,140,170,primary
bounce house starter kit,USD,10,0%,-75%,High,100,,,,,,,,40,20,10,20,20,10,20,10,10,10,10,10,other
large white bounce house,USD,90,0%,-21%,High,100,0.39,1.64,,,,,,110,110,90,90,70,50,90,90,90,110,70,110,other
all white bounce house for sale,USD,10,0%,-75%,High,100,0.26,1.97,,,,,,20,20,10,10,10,10,10,10,20,10,10,10,secondary
best place to buy bounce house,USD,70,22%,0%,High,100,0.51,1.86,,,,,,70,50,50,50,40,30,30,70,140,90,170,110,secondary
air bounce house,USD,140,22%,-21%,High,100,0.29,1.82,,,,,,170,170,140,110,110,70,140,110,140,90,110,110,other
bounce house combo rentals near me,USD,30,-33%,-33%,High,69,1.01,2.52,,,,,,30,40,20,20,30,10,20,20,40,30,70,20,deprioritize_rental
water bounce house with slide,USD,12100,124%,-18%,High,100,0.38,1.75,,,,,,27100,14800,5400,2400,1900,1900,2900,4400,12100,14800,22200,33100,other
inflatable home,USD,390,23%,0%,High,98,0.09,0.66,,,,,,480,320,390,480,480,390,320,590,320,390,390,480,other
inflatable waterslide for adults,USD,30,250%,100%,High,100,0.30,1.64,,,,,,70,20,10,10,10,10,10,10,20,40,90,140,other
inflatable bounce house near me,USD,390,0%,-19%,High,99,0.91,2.70,,,,,,390,390,390,390,320,170,210,260,480,390,480,390,deprioritize_rental
jump house inflatables,USD,50,40%,-22%,High,95,0.34,1.90,,,,,,70,90,50,50,30,20,40,40,50,50,70,70,other
pretty bounce house,USD,10,0%,0%,High,100,0.33,1.06,,,,,,10,10,30,10,10,10,10,10,10,10,10,10,other
big inflatable bounce house,USD,390,23%,-19%,High,100,0.29,1.59,,,,,,590,590,720,480,320,210,260,170,320,390,480,480,other
infant bounce house,USD,70,40%,-22%,High,100,0.19,0.97,,,,,,70,90,70,50,70,50,70,50,70,50,70,70,other
inflatable water slides for adults for sale,USD,70,133%,-19%,High,100,0.26,1.17,,,,,,210,140,40,10,10,20,20,20,40,90,110,210,secondary
bounce and slide,USD,1000,0%,14%,Low,28,0.52,2.28,,,,,,880,720,880,880,720,720,1600,1000,1300,1000,1000,1000,other
bounce house and party rentals,USD,260,0%,-90%,High,75,0.95,2.29,,,,,,1300,880,320,50,20,50,90,50,90,70,90,70,deprioritize_rental
buy bounce house near me,USD,50,-29%,-29%,High,100,0.34,1.74,,,,,,90,90,50,20,40,20,20,40,40,70,90,50,secondary
waterslide bounce house for sale,USD,50,100%,-33%,High,100,0.27,0.95,,,,,,140,70,20,10,10,10,10,10,40,70,110,140,secondary
inflatable slide and bounce house,USD,720,22%,-32%,High,100,0.39,1.65,,,,,,880,1300,880,590,590,390,320,320,720,720,880,880,other
moon bounce water slide,USD,170,129%,0%,High,100,0.52,1.96,,,,,,390,170,70,20,20,20,50,50,170,210,320,480,other
bounce house for sale with slide,USD,480,23%,-18%,High,100,0.26,1.08,,,,,,720,480,480,390,390,320,320,320,590,480,590,590,secondary
bounce house rental company,USD,5400,-46%,-19%,Low,6,1.36,3.05,,,,,,2400,33100,9900,1900,1300,1600,880,1300,1900,2400,2400,1300,deprioritize_rental
inflatable jumping castle for sale,USD,10,-100%,-100%,Unknown,,,,,,,,,10,10,10,10,10,10,10,10,10,10,10,0,secondary
wet inflatable rentals near me,USD,20,250%,40%,Medium,62,0.81,1.95,,,,,,50,30,10,0,10,10,10,10,30,20,50,70,deprioritize_rental
buy waterslide,USD,40,100%,27%,High,100,0.26,1.09,,,,,,70,30,10,10,10,10,10,10,40,70,110,140,secondary
solid color bounce house,USD,20,-33%,100%,High,100,0.31,2.07,,,,,,20,20,10,10,10,10,20,20,20,30,30,20,other
water slide bounce house for adults,USD,590,82%,-16%,High,100,0.29,1.65,,,,,,1300,590,210,140,140,140,210,210,720,880,1300,1600,other
starting an inflatable rental business,USD,40,-20%,-43%,Low,16,0.12,3.42,,,,,,50,40,70,40,40,30,20,10,30,50,30,40,deprioritize_rental
commercial combo bounce house,USD,40,80%,-18%,High,98,0.59,2.03,,,,,,50,50,40,20,10,10,40,40,40,50,30,90,primary
buy inflatable obstacle course,USD,390,-19%,-19%,High,100,0.33,2.25,,,,,,880,390,390,320,260,170,260,320,480,480,480,390,secondary
custom bounce house manufacturer,USD,10,0%,0%,High,91,1.47,7.30,,,,,,10,20,30,10,10,10,10,10,20,10,20,10,primary
cheap jumpers for sale,USD,10,100%,0%,High,100,0.06,0.84,,,,,,20,20,10,10,10,10,10,10,20,10,10,20,secondary
commercial jumpers,USD,70,40%,75%,High,100,0.39,2.27,,,,,,50,40,170,70,70,40,40,40,70,50,70,70,primary
cheap inflatable rentals near me,USD,30,25%,67%,High,85,0.73,1.88,,,,,,40,40,20,30,10,10,10,10,30,40,40,50,deprioritize_rental
jumper bounce house,USD,590,0%,-18%,High,100,0.53,2.49,,,,,,590,590,590,590,590,390,480,480,720,590,590,590,other
adult moon bounce,USD,70,22%,-21%,High,100,0.35,1.77,,,,,,140,90,70,40,40,30,70,50,90,90,110,110,other
spacewalks for sale,USD,50,-43%,-43%,High,100,0.20,0.89,,,,,,70,50,30,50,40,30,30,40,70,70,50,40,secondary
indoor inflatable,USD,320,24%,0%,High,98,0.21,1.36,,,,,,390,320,320,320,480,390,390,260,260,210,260,260,other
big water bounce house,USD,210,85%,-33%,High,100,0.37,1.75,,,,,,390,140,70,30,40,30,50,90,210,260,480,480,other
big water slide bounce house,USD,210,23%,-46%,High,97,0.33,1.77,,,,,,480,320,260,140,110,70,90,90,320,260,260,320,other
bounce house and slide rentals,USD,880,14%,-38%,High,98,0.80,2.21,,,,,,1300,1000,1000,880,480,320,480,480,1000,880,1000,1000,deprioritize_rental
bounce house water park,USD,170,129%,-19%,High,99,0.36,1.66,,,,,,480,170,70,40,50,50,70,90,210,210,320,480,other
princess castle bounce house,USD,210,24%,24%,High,100,0.40,1.67,,,,,,260,320,170,170,140,110,140,140,260,170,210,210,other
white bounce house to buy,USD,10,0%,0%,High,100,0.31,0.80,,,,,,10,10,10,10,10,10,10,10,20,10,10,10,other
bounce and slide rentals,USD,480,50%,-18%,High,73,0.72,1.99,,,,,,720,720,590,480,210,110,170,210,390,480,720,720,deprioritize_rental
obstacle course bounce house near me,USD,70,29%,0%,High,71,0.87,1.88,,,,,,90,70,90,70,40,30,70,50,90,70,90,90,deprioritize_rental
bounce slide for sale,USD,50,75%,-50%,High,100,0.18,0.74,,,,,,110,70,50,30,20,20,10,10,50,40,90,70,secondary
jungle bounce house rental,USD,40,0%,0%,High,100,0.80,1.96,,,,,,70,50,40,30,20,10,30,40,50,40,40,40,deprioritize_rental
commercial bounce house for sale near me,USD,90,27%,0%,High,100,0.26,1.58,,,,,,110,140,90,90,70,50,30,70,90,110,170,140,primary
industrial size bounce house,USD,30,0%,-20%,High,100,0.20,0.89,,,,,,40,40,40,30,30,10,10,20,30,40,40,40,other
blowup slide,USD,1600,89%,-18%,High,100,0.35,1.77,,,,,,3600,1900,1000,880,720,590,590,590,1600,1900,2900,3600,other
bouncy water slide for sale,USD,4400,23%,-33%,High,100,0.27,1.28,,,,,,12100,4400,1900,720,590,590,3600,880,4400,6600,5400,8100,secondary
jumpers for sale wholesale,USD,90,-21%,0%,High,100,0.36,2.25,,,,,,70,40,70,50,70,40,90,110,140,140,170,110,primary
inflatable bounce house with blower,USD,210,0%,-46%,High,100,0.30,1.00,,,,,,320,210,210,170,140,170,110,140,210,210,260,210,other
best commercial bounce house brands,USD,20,0%,50%,High,100,0.54,2.22,,,,,,10,40,10,10,10,10,10,20,20,30,40,30,primary
start a bounce house business,USD,40,-25%,-57%,Medium,54,0.17,8.85,,,,,,70,50,30,30,20,30,40,30,90,40,40,30,other
outdoor water bounce house,USD,90,50%,-19%,High,100,0.40,1.73,,,,,,140,50,20,10,20,20,30,70,110,140,170,210,other
bouncy castle rental los angeles,USD,10,0%,0%,High,100,1.42,4.17,,,,,,10,10,10,10,10,10,10,10,10,10,10,10,deprioritize_rental
jumpers to buy,USD,70,29%,29%,High,97,0.10,0.45,,,,,,90,50,40,50,40,30,30,50,70,70,70,90,other
jumping water slide,USD,1900,132%,-33%,High,100,0.45,1.79,,,,,,5400,1900,880,320,210,210,320,480,2400,1900,2400,4400,other
wholesale inflatable water slide,USD,30,125%,0%,High,100,0.44,2.75,,,,,,70,30,30,10,10,10,10,20,40,40,50,90,primary
batman bounce house,USD,210,-35%,-19%,High,88,0.76,1.86,,,,,,210,260,260,140,170,140,210,210,210,260,140,170,other
obstacle course bounce house rental near me,USD,90,-35%,-21%,Medium,40,0.62,2.16,,,,,,110,110,110,110,40,30,50,70,110,170,140,110,deprioritize_rental
inflatable purchase,USD,1600,0%,-21%,High,100,0.31,2.38,,,,,,2400,1600,1300,1600,1600,1600,1300,1000,1900,1900,2400,1900,other
big inflatable slide,USD,210,86%,0%,High,100,0.28,1.87,,,,,,320,210,320,170,140,110,70,110,140,210,260,390,other
bounce house water slide rentals near me,USD,390,156%,0%,High,78,0.73,2.12,,,,,,880,590,480,50,20,20,50,70,260,390,880,1000,deprioritize_rental
jumpers for sale near me,USD,140,0%,-18%,High,100,0.27,1.01,,,,,,140,170,110,110,90,90,90,140,170,140,170,140,secondary
inflatable water slide manufacturers,USD,50,175%,22%,High,100,0.75,2.72,,,,,,170,210,10,10,10,10,10,10,70,40,50,110,primary
water bounce house with blower,USD,30,75%,-50%,High,100,0.38,1.30,,,,,,90,30,20,10,10,10,0,10,30,40,70,70,other
bouncy castle wholesale,USD,10,0%,-50%,High,100,,,,,,,,10,10,10,0,10,10,10,10,10,10,10,10,primary
jumbo bounce house,USD,50,-29%,-44%,High,100,0.36,1.84,,,,,,70,70,40,50,20,20,20,40,50,70,70,50,other
bounce house and water slide combo,USD,260,84%,0%,High,100,0.48,1.90,,,,,,390,260,90,90,50,70,90,110,260,320,480,590,other
pvc bounce house,USD,390,0%,24%,High,100,0.37,1.42,,,,,,2400,320,320,210,170,110,140,140,170,210,210,210,other
inflatables for sale near me,USD,90,27%,27%,High,100,0.30,1.57,,,,,,140,110,70,70,70,70,40,50,110,110,170,140,secondary
commercial bounce house obstacle course,USD,40,75%,0%,High,100,0.33,2.50,,,,,,50,70,40,40,50,20,40,30,30,40,50,70,primary
top rated bounce houses,USD,50,80%,0%,High,100,0.47,1.21,,,,,,40,50,30,20,50,50,20,30,50,50,70,90,other
best inflatable bounce house with water slide,USD,10,50%,-73%,High,100,0.44,1.49,,,,,,40,10,10,20,10,10,10,10,10,20,30,30,other
bounce house website,USD,40,-40%,-57%,High,100,0.93,1.85,,,,,,50,50,30,20,20,20,30,50,50,50,50,30,other
bouncy castle for adults rental,USD,10,0%,0%,High,87,0.29,1.16,,,,,,20,20,10,10,10,0,10,10,10,10,10,10,deprioritize_rental
wet dry combo bounce house,USD,70,27%,-33%,High,100,0.48,1.76,,,,,,110,70,30,30,40,30,40,50,110,110,140,140,other
giant inflatable bounce house,USD,390,23%,-19%,High,100,0.29,1.59,,,,,,590,590,720,480,320,210,260,170,320,390,480,480,other
inflatable bouncy castle with slide,USD,30,-33%,-71%,High,100,0.38,3.40,,,,,,50,110,20,10,20,10,20,10,10,30,30,20,other
adult size bounce house,USD,170,0%,-19%,High,100,0.20,1.15,,,,,,210,210,140,110,110,50,70,90,210,210,260,210,other
inflatables near me for rent,USD,50,29%,80%,Medium,50,0.86,1.86,,,,,,90,70,50,50,20,50,30,30,70,70,50,90,deprioritize_rental
cheap bouncy castle for sale,USD,10,0%,0%,High,67,,,,,,,,10,10,10,0,10,10,10,0,10,10,10,10,secondary
party bounce rentals,USD,110,21%,21%,Low,21,0.41,1.88,,,,,,170,110,90,140,90,50,90,90,140,140,140,170,deprioritize_rental
bounce house in store,USD,210,0%,23%,High,97,0.23,1.33,,,,,,260,260,210,170,140,170,110,140,260,320,320,320,other
miniature bounce house,USD,2400,-21%,-21%,High,100,0.10,0.91,,,,,,1900,1900,1900,2400,2900,2900,1900,1900,2400,2400,1900,1900,other
disney bounce house,USD,170,-18%,-33%,High,97,0.31,1.69,,,,,,140,170,140,210,140,110,110,170,170,170,170,140,other
bouncy castle with slide for sale,USD,10,0%,100%,High,100,0.14,0.46,,,,,,20,20,10,10,10,10,10,10,10,20,20,20,secondary
china inflatable manufacturers,USD,10,-50%,-50%,High,96,0.52,4.42,,,,,,20,10,10,10,20,10,10,10,10,20,10,10,primary
inflatable bouncy castle for sale,USD,260,100%,0%,High,100,0.18,1.53,,,,,,170,1600,1000,10,110,30,20,10,20,10,10,20,secondary
inflatable attractions for sale,USD,10,∞,0%,Medium,57,,,,,,,,10,10,10,10,10,0,0,10,0,0,10,10,secondary
outdoor bounce house for sale,USD,20,-33%,0%,High,99,0.42,1.62,,,,,,20,10,20,20,20,20,20,20,30,30,30,20,secondary
best outdoor bounce house,USD,20,-33%,-33%,High,100,0.45,1.04,,,,,,20,20,10,10,20,10,10,10,70,30,10,20,other
outdoor inflatable bounce house,USD,90,-21%,0%,High,100,0.22,1.65,,,,,,90,70,70,50,90,40,40,40,170,140,140,110,other
bounce house for sale atlanta,USD,10,100%,100%,High,98,0.27,1.32,,,,,,10,10,10,10,10,10,10,10,10,10,10,20,secondary
mini castle bounce house,USD,90,0%,40%,High,74,0.33,2.44,,,,,,40,110,170,90,140,50,70,70,70,70,70,70,other
inflatable business for sale,USD,50,33%,-56%,High,100,0.51,2.31,,,,,,90,70,50,40,40,30,50,30,70,30,40,40,secondary
mermaid bounce house near me,USD,30,-25%,0%,High,100,1.00,2.22,,,,,,40,40,30,30,10,10,20,20,20,40,20,30,deprioritize_rental
axe throwing inflatable,USD,140,0%,0%,High,100,0.23,1.50,,,,,,140,210,210,210,140,70,110,90,170,170,210,170,other
big bouncy castle for sale,USD,20,0%,-60%,High,94,0.28,1.69,,,,,,30,20,10,10,10,10,10,10,10,20,30,20,secondary
rent a slide for birthday party,USD,20,0%,-78%,Medium,65,0.46,1.57,,,,,,50,20,10,10,10,10,10,10,10,20,20,20,deprioritize_rental
inflatable slide for adults,USD,320,126%,22%,High,100,0.28,1.65,,,,,,480,260,140,110,90,90,90,90,320,390,720,880,other
personal bounce house,USD,50,33%,-43%,High,100,0.17,1.17,,,,,,50,30,50,50,70,50,30,40,40,30,70,40,other
inflatable trampoline rental,USD,30,0%,-40%,Medium,52,1.00,2.29,,,,,,50,40,40,40,40,20,20,20,20,30,20,30,deprioritize_rental
purple bounce house,USD,140,0%,0%,High,100,0.40,1.63,,,,,,170,170,140,140,110,90,90,90,140,140,140,140,other
commercial bounce house combo for sale,USD,40,50%,-79%,High,100,0.59,1.93,,,,,,70,50,50,20,30,30,20,20,70,20,40,30,primary
adult bouncy castle for sale,USD,10,0%,0%,High,100,,,,,,,,10,10,10,10,10,10,10,10,10,10,10,10,secondary
construction bounce house near me,USD,20,0%,0%,High,83,1.23,6.50,,,,,,20,20,20,10,10,10,10,20,10,10,40,10,deprioritize_rental
20 ft water slide for sale,USD,90,50%,24%,High,100,0.24,1.12,,,,,,170,90,40,20,10,10,10,30,70,140,170,210,secondary
castle bounce house for sale,USD,90,-36%,0%,High,100,0.28,1.20,,,,,,210,170,70,70,50,70,50,50,90,140,90,90,secondary
monster bounce house,USD,70,0%,0%,High,99,0.63,1.93,,,,,,90,110,90,90,30,30,70,40,70,70,90,70,other
bounce house rental business,USD,260,23%,0%,Low,8,0.16,2.46,,,,,,480,320,170,320,170,140,170,210,210,260,260,320,deprioritize_rental
white bounce houses for rent,USD,70,-29%,-55%,High,100,1.03,1.95,,,,,,70,70,70,50,40,30,90,70,110,70,90,50,deprioritize_rental
order bounce house,USD,20,100%,0%,High,100,0.69,2.88,,,,,,20,20,20,10,10,10,10,10,20,10,30,20,other
bounce house water slide with blower,USD,20,0%,-76%,High,100,0.42,1.76,,,,,,70,20,10,10,10,10,10,10,30,40,40,40,other
commercial inflatable water park,USD,70,271%,0%,High,99,0.40,1.94,,,,,,140,50,20,30,20,10,10,30,70,70,110,260,primary
commercial bounce house packages for sale,USD,50,0%,-43%,High,100,0.33,2.20,,,,,,110,70,20,30,20,30,30,50,70,40,70,40,primary
bounce house with slide and pool,USD,210,127%,0%,High,100,0.34,1.69,,,,,,390,260,210,90,70,40,70,70,210,260,390,590,other
blow up water bounce house,USD,590,82%,-16%,High,100,0.39,1.75,,,,,,1300,880,140,90,90,70,110,210,720,880,1300,1600,other
bounce house blower for sale,USD,170,-35%,-47%,High,100,0.26,1.01,,,,,,260,210,170,140,110,110,90,90,170,260,210,170,secondary
bounce house pool slide,USD,210,127%,0%,High,100,0.34,1.69,,,,,,390,260,210,90,70,40,70,70,210,260,390,590,other
castle bounce house with slide,USD,90,80%,-47%,High,100,0.34,1.58,,,,,,140,140,170,90,40,30,40,40,70,50,90,90,other
bounce house with slide for adults,USD,40,67%,-29%,High,100,0.40,1.61,,,,,,70,30,40,30,10,30,30,30,30,30,50,50,other
inflatable china,USD,10,0%,0%,High,100,0.34,2.59,,,,,,20,10,10,20,10,10,20,10,10,10,10,10,other
commercial water inflatables,USD,40,80%,-36%,High,100,0.51,2.50,,,,,,70,30,20,10,10,10,10,20,70,50,110,90,primary
bounce house banners for sale,USD,30,0%,-57%,High,100,0.42,3.31,,,,,,20,10,40,20,20,10,30,30,30,30,30,30,secondary
discount inflatables,USD,30,50%,-25%,High,100,0.57,2.08,,,,,,30,30,30,40,30,40,20,10,30,20,30,30,other
inflatable rental business insurance,USD,70,0%,22%,Medium,44,6.22,22.00,,,,,,40,40,50,50,90,20,40,50,90,110,90,110,deprioritize_rental
best home bounce house,USD,70,40%,0%,High,100,0.41,1.19,,,,,,50,50,70,70,90,70,50,40,90,50,90,70,other
jump house with slide,USD,110,-18%,0%,High,100,0.33,1.76,,,,,,90,140,140,140,110,70,90,70,140,170,140,140,other
bounce house cost to buy,USD,50,-22%,40%,High,100,0.17,0.71,,,,,,50,40,50,70,40,30,40,40,50,90,90,70,other
backyard bounce house rental,USD,70,0%,0%,High,68,0.85,2.00,,,,,,110,90,90,50,20,30,30,30,90,90,90,90,deprioritize_rental
inflatable bouncer rental,USD,50,-57%,-67%,Medium,44,0.53,1.93,,,,,,90,110,70,50,50,20,40,40,70,70,50,30,deprioritize_rental
big jumping castle,USD,20,-33%,100%,High,96,,,,,,,,20,20,20,10,10,30,10,20,30,30,30,20,other
usa bounce house,USD,880,120%,-32%,Low,29,0.74,2.25,,,,,,1600,1600,1900,1000,320,210,320,390,590,590,880,1300,other
bouncy castle suppliers,USD,10,-100%,-100%,Unknown,,,,,,,,,20,10,10,10,10,10,10,0,10,10,20,0,other
inflatables atlanta,USD,30,0%,-79%,High,92,1.34,2.41,,,,,,50,30,40,30,20,10,20,10,40,30,30,30,other
commercial inflatable slides for sale,USD,40,50%,-57%,High,100,0.28,1.42,,,,,,30,30,110,50,40,40,20,20,30,20,30,30,primary
indoor bounce house rental near me,USD,90,0%,-85%,High,82,1.00,2.00,,,,,,70,70,70,110,110,90,110,90,70,70,50,70,deprioritize_rental
party jump rentals,USD,50,0%,40%,Medium,59,0.94,2.94,,,,,,70,50,50,40,30,10,30,30,50,70,90,70,deprioritize_rental
buy bounce house wholesale,USD,20,-50%,-86%,High,100,0.79,3.18,,,,,,30,30,10,10,10,10,10,20,40,20,20,10,primary
best inflatable manufacturers,USD,10,0%,-67%,High,71,,,,,,,,20,10,10,10,10,10,10,10,10,10,10,10,primary
bounce house for sale amazon,USD,320,0%,-36%,High,100,0.15,0.88,,,,,,170,390,260,30,880,320,1600,30,40,70,70,70,secondary
commercial bounce house with water slide,USD,140,50%,22%,High,100,0.37,1.72,,,,,,260,170,70,30,40,40,40,70,140,260,320,390,primary
bounce house with big slide,USD,30,67%,0%,High,100,0.44,2.16,,,,,,20,20,30,30,40,30,10,30,40,30,30,50,other
inflatable castle bounce house,USD,720,0%,-41%,High,100,0.31,1.80,,,,,,1300,1300,1600,590,590,320,390,390,590,590,590,590,other
moon bounce purchase,USD,20,0%,50%,High,100,0.30,2.00,,,,,,20,20,20,10,10,10,10,20,20,30,20,30,other
birthday inflatable rentals,USD,30,-33%,-60%,High,79,0.94,1.84,,,,,,30,50,50,50,20,10,10,20,20,30,40,20,deprioritize_rental
15x15 bounce house for sale,USD,70,-22%,-22%,High,100,0.28,1.32,,,,,,110,90,90,50,30,30,50,30,70,90,70,70,secondary
water slide price,USD,210,50%,0%,High,92,0.19,1.59,,,,,,390,260,140,70,50,90,70,90,170,320,390,480,other
space themed bounce house near me,USD,10,0%,-50%,High,100,,,,,,,,10,10,10,10,10,10,10,10,10,10,10,10,deprioritize_rental
13x13 bounce house for sale,USD,70,-22%,40%,High,100,0.25,1.03,,,,,,50,90,70,70,70,40,70,70,110,90,70,70,secondary
inflatable play equipment,USD,20,200%,200%,High,100,0.26,3.62,,,,,,20,10,20,20,10,20,10,30,30,10,20,30,other
inflatable playhouse rental,USD,20,100%,0%,High,94,0.70,2.16,,,,,,20,70,20,10,10,10,20,10,20,10,10,20,deprioritize_rental
cute bounce house,USD,30,-20%,0%,High,100,0.34,1.98,,,,,,50,20,20,30,20,20,30,30,30,50,70,40,other
bounce slide rental near me,USD,70,57%,0%,High,78,0.94,3.16,,,,,,140,110,90,50,30,10,30,40,50,70,140,110,deprioritize_rental
wholesale bounce houses for sale,USD,70,-18%,0%,High,100,0.34,2.23,,,,,,110,70,70,40,50,50,70,70,110,110,90,90,primary
bounce house rentals near me prices,USD,10,0%,-67%,High,90,0.89,7.03,,,,,,20,20,10,10,10,10,10,10,10,10,20,10,deprioritize_rental
slip n slide bounce house,USD,90,189%,24%,High,100,0.44,1.85,,,,,,210,110,50,10,20,10,20,30,70,90,170,260,other
big jumpers for sale,USD,20,-33%,-60%,High,100,0.14,2.13,,,,,,50,30,20,20,10,10,10,10,30,30,20,20,secondary
birthday bounce house rentals,USD,50,-67%,-40%,High,94,0.52,1.91,,,,,,70,70,30,20,30,20,40,50,90,90,90,30,deprioritize_rental
pink bounce house for sale,USD,40,-40%,-40%,High,100,0.15,1.48,,,,,,70,50,50,40,20,10,40,30,70,50,40,30,secondary
commercial water bounce house for sale,USD,10,300%,33%,High,100,0.38,2.06,,,,,,30,20,0,10,10,10,10,10,10,10,40,40,primary
big jump house,USD,260,0%,-65%,High,100,0.26,0.98,,,,,,390,480,590,320,140,90,140,110,260,170,170,170,other
giant inflatable water slide for adults,USD,140,191%,-46%,High,100,0.30,1.75,,,,,,320,110,110,50,50,40,40,30,110,110,170,320,other
unicorn jump house,USD,30,0%,-60%,High,100,0.69,3.49,,,,,,30,10,30,20,10,50,30,30,50,20,30,20,other
bounce house package deals,USD,50,40%,40%,High,100,0.41,1.67,,,,,,50,50,40,50,50,50,90,50,50,50,70,70,other
quality inflatables,USD,10,0%,0%,High,87,,,,,,,,10,10,10,10,10,20,10,10,10,10,10,10,other
cow bounce house,USD,70,29%,-65%,High,92,0.53,1.94,,,,,,110,90,90,70,40,50,50,30,50,70,70,90,other
interactive inflatables near me,USD,10,0%,-50%,High,86,,,,,,,,10,10,10,10,10,0,10,10,10,10,10,10,deprioritize_rental
bouncy bounce inflatables,USD,40,-40%,0%,Medium,57,0.86,2.02,,,,,,40,30,50,20,20,30,50,50,30,50,40,30,other
indoor bounce house for sale,USD,90,0%,0%,High,100,0.19,0.98,,,,,,50,90,90,70,90,90,140,70,90,70,70,70,secondary
places to rent bounce houses,USD,70,29%,80%,Medium,64,0.52,2.01,,,,,,90,110,70,50,30,20,30,20,90,70,90,90,deprioritize_rental
blow up party house,USD,170,0%,-18%,High,100,0.31,1.87,,,,,,210,140,210,210,170,140,140,140,170,140,210,140,other
jump for fun inflatables,USD,20,100%,100%,High,71,0.61,3.91,,,,,,30,30,20,10,10,10,10,10,10,10,20,20,other
water slide obstacle course rental,USD,70,24%,0%,High,92,0.58,1.93,,,,,,110,70,40,10,10,10,10,30,70,170,170,210,deprioritize_rental
best bounce house brands,USD,30,-20%,-43%,High,100,0.47,1.38,,,,,,50,30,30,20,30,20,10,10,30,50,50,40,other
12x12 bounce house,USD,110,27%,0%,High,100,0.28,1.35,,,,,,90,110,110,110,110,50,70,70,110,110,170,140,other
obstacle course jump house,USD,4400,0%,0%,High,100,0.57,1.91,,,,,,4400,5400,5400,4400,3600,2400,2900,3600,5400,5400,6600,5400,other
blow up houses for sale,USD,70,0%,57%,High,88,0.24,0.99,,,,,,70,50,50,70,30,30,30,70,70,110,70,110,secondary
used commercial inflatables for sale,USD,40,0%,33%,High,100,0.23,1.10,,,,,,40,50,90,70,40,30,30,30,50,40,30,40,primary
moon bounce rental prices,USD,20,-33%,-50%,Medium,55,0.86,1.87,,,,,,40,30,10,10,20,10,10,10,20,30,20,20,deprioritize_rental
large commercial bounce house,USD,40,0%,0%,High,100,0.29,1.22,,,,,,50,70,40,30,40,30,50,30,50,40,30,40,primary
buy commercial water slide,USD,30,0%,-36%,High,100,0.33,2.15,,,,,,70,30,10,10,10,0,10,10,20,70,50,70,primary
inflatable bounce house with water slide,USD,12100,124%,-18%,High,100,0.38,1.75,,,,,,27100,14800,5400,2400,1900,1900,2900,4400,12100,14800,22200,33100,other
bounce house accessories,USD,70,40%,-36%,High,100,0.25,0.96,,,,,,110,110,50,50,50,50,40,50,70,50,70,70,other
best bounce house with water slide,USD,20,150%,67%,High,100,0.52,1.96,,,,,,40,10,10,10,10,10,10,10,20,20,40,50,other
bounce house obstacle course for adults,USD,70,29%,0%,High,100,0.44,1.79,,,,,,110,90,70,50,40,20,20,40,70,70,90,90,other
inflatable manufacturers near me,USD,10,100%,-33%,High,92,0.86,2.97,,,,,,10,10,0,10,10,10,10,10,10,10,10,20,primary
bounce castle near me,USD,140,27%,-18%,High,85,0.80,2.33,,,,,,170,140,140,140,110,70,110,90,140,110,140,140,deprioritize_rental
bounce house outdoor,USD,880,-23%,-23%,High,100,0.28,1.41,,,,,,880,880,880,720,720,590,590,590,1300,1300,1300,1000,other
bounce house sizes,USD,210,-19%,-19%,High,100,0.31,1.19,,,,,,210,210,260,260,170,140,170,140,210,260,260,210,other
buy jump house,USD,880,-12%,-12%,High,100,0.21,1.14,,,,,,1000,880,1300,880,720,480,720,720,1000,1000,1000,880,secondary
white jumpy house,USD,40,-20%,-20%,High,100,0.45,2.46,,,,,,50,50,40,40,20,20,40,40,50,50,50,40,other
water jumpy house rentals,USD,10,600%,133%,High,92,0.91,2.12,,,,,,10,10,10,10,10,0,10,10,10,10,30,70,deprioritize_rental
purchase commercial bounce house,USD,40,25%,25%,High,83,0.27,1.31,,,,,,30,50,110,70,30,30,30,30,50,40,30,50,primary
inflatable obstacles,USD,320,0%,0%,High,100,0.46,2.31,,,,,,390,320,320,260,320,210,260,260,390,390,480,390,other
waterslide for sale near me,USD,110,255%,0%,High,100,0.28,1.05,,,,,,480,140,30,20,10,10,10,10,90,110,210,390,secondary
jump house water slide rentals,USD,140,182%,50%,High,93,0.88,2.16,,,,,,260,170,40,30,10,10,20,30,170,170,320,480,deprioritize_rental
small jump house rental,USD,20,0%,0%,High,100,1.12,2.11,,,,,,20,20,30,30,20,10,10,20,20,20,10,20,deprioritize_rental
commercial water slides for sale near me,USD,50,22%,-21%,High,100,0.47,2.20,,,,,,110,50,30,10,20,10,10,20,90,90,90,110,primary
white blow up bounce house,USD,90,-18%,-18%,High,100,0.25,1.76,,,,,,110,90,110,90,70,70,110,70,90,110,110,90,other
white castle jump house,USD,30,-40%,-25%,High,100,0.38,2.51,,,,,,30,50,30,20,20,20,30,10,20,50,40,30,other
20 foot water slide,USD,720,173%,26%,High,100,0.29,1.70,,,,,,1600,880,320,110,70,70,70,140,590,880,1600,2400,other
titanic bounce house,USD,210,129%,129%,High,91,0.93,2.25,,,,,,210,210,210,210,140,70,110,140,140,210,320,480,other
bounce house packages for sale,USD,20,0%,-80%,High,100,0.26,3.31,,,,,,20,30,10,10,20,10,20,10,30,10,20,10,secondary
bounce house auction,USD,50,0%,-22%,High,100,0.65,1.89,,,,,,90,70,50,50,30,20,70,70,70,70,50,70,other
inflatable moon bounce,USD,90,0%,22%,High,100,0.29,1.71,,,,,,50,70,70,70,50,110,110,140,90,110,110,110,other
buy large bounce house,USD,10,-67%,-50%,High,100,0.26,0.80,,,,,,20,10,20,10,10,10,10,10,20,30,20,10,secondary
bounce house rentals under $100 near me,USD,10,0%,0%,Low,0,,,,,,,,10,10,10,10,10,0,10,0,10,10,10,10,deprioritize_rental
rent bounce house with water slide,USD,30,75%,-36%,High,100,0.79,1.95,,,,,,90,50,10,10,10,10,10,10,30,40,50,70,deprioritize_rental
jumper rental prices,USD,30,100%,33%,Medium,55,0.37,1.87,,,,,,30,20,30,20,30,10,30,30,40,20,70,40,deprioritize_rental
castle jump house,USD,1300,0%,-16%,High,98,0.38,1.90,,,,,,1600,1600,1600,1300,1000,880,1000,1000,1600,1600,1600,1600,other
monster truck bounce house for sale,USD,70,-29%,-29%,High,100,0.30,2.03,,,,,,140,110,90,90,40,40,50,50,90,70,70,50,secondary
inflatable bouncy,USD,390,23%,23%,High,99,0.46,2.03,,,,,,480,480,390,320,320,320,260,320,480,480,720,590,other
best bounce house water slide combo,USD,30,200%,-36%,High,100,0.49,1.68,,,,,,90,20,10,10,10,10,10,0,40,30,50,90,other
jump bounce house rentals,USD,170,0%,0%,Medium,36,0.83,2.75,,,,,,140,170,170,170,170,70,110,140,320,170,140,170,deprioritize_rental
jumping castle buy online,USD,10,0%,-100%,Unknown,,,,,,,,,0,0,10,0,0,0,10,0,10,0,10,0,secondary
wet dry bounce house with slide,USD,50,40%,-22%,High,100,0.44,2.05,,,,,,50,30,20,30,10,10,40,40,90,50,140,70,other
water slide rental prices,USD,90,86%,24%,Medium,35,0.60,1.81,,,,,,170,110,40,10,10,10,20,30,90,140,210,260,deprioritize_rental
white jump house for sale,USD,10,-50%,0%,High,100,0.32,0.79,,,,,,20,10,10,10,10,10,10,10,10,20,20,10,secondary
a bounce house,USD,320,50%,0%,High,100,0.58,2.69,,,,,,390,320,320,320,260,260,260,260,320,320,480,480,other
barn bounce house,USD,140,27%,-33%,High,100,0.45,1.86,,,,,,170,210,260,140,170,140,110,140,140,110,110,140,other
interactive inflatable rentals near me,USD,30,-20%,33%,Medium,61,0.48,1.59,,,,,,20,20,20,10,10,10,20,30,20,50,50,40,deprioritize_rental
blow up water castle,USD,50,56%,0%,High,100,0.40,1.74,,,,,,110,50,30,20,10,10,10,10,50,90,110,140,other
purple bounce house rental,USD,20,0%,0%,High,88,0.92,1.86,,,,,,20,20,30,50,10,10,20,20,20,20,40,20,deprioritize_rental
bounce house rentals in my area,USD,50,75%,-36%,Medium,64,0.62,1.82,,,,,,90,90,70,50,30,10,30,10,30,40,30,70,deprioritize_rental
rent out bounce houses,USD,30,50%,-57%,Medium,64,0.70,1.86,,,,,,50,40,30,30,20,10,10,20,30,20,30,30,deprioritize_rental
industrial inflatable bounce house,USD,20,0%,-67%,High,90,0.31,1.25,,,,,,20,30,30,30,10,10,10,10,10,10,20,10,other
purchase white bounce house,USD,10,-100%,-100%,Unknown,,,,,,,,,10,10,10,10,10,10,10,10,10,10,10,0,other
bounce house with blower included,USD,20,0%,-50%,High,100,0.22,0.67,,,,,,40,20,20,20,30,20,10,30,30,20,20,20,other
inflatable waterslides for sale,USD,50,180%,367%,High,100,0.35,1.85,,,,,,70,30,20,10,10,10,30,40,40,50,90,140,secondary
best quality bounce house,USD,10,100%,-33%,High,100,0.47,1.06,,,,,,10,10,10,10,20,10,10,10,20,10,20,20,other
wet bounce house rentals near me,USD,30,350%,-36%,High,97,0.73,2.30,,,,,,90,50,10,10,0,10,10,10,10,20,50,90,deprioritize_rental
commercial water bounce house,USD,50,143%,-19%,High,100,0.37,2.25,,,,,,110,50,10,10,10,10,10,20,90,70,140,170,primary
pokemon bounce house rental,USD,70,-22%,75%,High,87,0.67,1.82,,,,,,50,50,70,170,40,30,50,50,70,90,70,70,deprioritize_rental
large inflatable obstacle course,USD,90,0%,22%,High,100,0.28,1.95,,,,,,70,70,70,260,30,30,40,50,90,110,90,110,other
inflatable axe throwing game,USD,170,53%,53%,High,100,0.28,1.91,,,,,,170,170,390,170,110,70,70,90,210,170,210,260,other
cyber monday bounce house,USD,10,-100%,-100%,Unknown,,,,,,,,,10,10,0,0,50,70,0,0,10,10,0,0,other
bounce house jumpers,USD,50,-60%,-71%,High,100,0.22,1.64,,,,,,70,50,70,90,90,30,50,70,40,50,40,20,other
fortnite bounce house,USD,70,-57%,-67%,Low,28,0.56,1.69,,,,,,140,140,110,110,50,40,70,50,70,70,50,30,other
outdoor jump house,USD,70,-36%,-59%,High,100,0.37,2.16,,,,,,90,50,50,50,40,40,40,40,90,110,70,70,other
residential bounce house,USD,390,-56%,-64%,High,100,0.41,1.77,,,,,,390,720,480,320,260,170,390,260,260,480,720,210,other
commercial inflatable games,USD,90,0%,-50%,High,100,0.48,2.33,,,,,,70,140,260,90,40,30,40,30,70,70,110,70,primary
best bounce houses for adults,USD,30,75%,0%,High,100,0.50,1.68,,,,,,70,40,10,30,20,20,20,10,30,40,20,70,other
moonwalk water slide,USD,90,91%,-46%,High,100,0.54,1.89,,,,,,260,140,70,30,20,10,10,50,110,110,170,210,other
best place to buy commercial inflatables,USD,10,0%,-33%,High,100,1.01,2.27,,,,,,10,10,10,10,10,10,10,10,10,20,20,20,primary
buy moon bounce,USD,590,-18%,-28%,High,100,0.21,1.07,,,,,,880,880,590,590,390,260,390,480,720,880,880,720,secondary
used bounce house for sale near me,USD,70,120%,0%,High,99,0.10,1.27,,,,,,110,90,50,50,30,30,10,40,70,50,110,110,secondary
inflatable water slide jumping castle,USD,10,0%,-50%,High,100,,,,,,,,20,10,10,10,10,10,10,10,10,10,10,10,other
20 ft inflatable water slide,USD,170,321%,23%,High,100,0.31,1.76,,,,,,390,260,90,50,30,20,40,40,90,140,320,590,other
bounce house bundles for sale,USD,20,-50%,-33%,High,100,0.48,4.38,,,,,,10,20,20,20,10,10,20,30,40,40,50,20,secondary
cheap inflatable rentals,USD,90,0%,-35%,Medium,60,0.88,2.20,,,,,,170,90,90,40,40,20,40,50,70,110,110,110,deprioritize_rental
industrial blow up water slide,USD,110,191%,0%,High,100,0.26,1.62,,,,,,320,140,40,30,30,30,20,30,90,110,210,320,other
excavator bounce house,USD,90,0%,-50%,High,100,0.76,1.87,,,,,,90,110,110,90,70,40,110,70,110,70,90,70,other
in house bounce house,USD,70,0%,25%,High,100,0.08,0.80,,,,,,50,50,50,70,90,110,70,50,70,50,50,50,other
double slide bounce house rental,USD,40,0%,-43%,High,73,0.75,1.95,,,,,,70,70,70,30,20,10,30,10,30,40,50,40,deprioritize_rental
quality bounce house,USD,110,-18%,-36%,High,90,0.75,1.75,,,,,,110,110,110,110,90,70,70,90,110,110,140,90,other
dinosaur inflatable bounce house,USD,70,27%,180%,High,100,0.46,1.25,,,,,,50,50,50,20,30,30,40,50,140,110,170,140,other
bounce jump,USD,210,24%,0%,High,76,1.14,4.92,,,,,,210,210,260,260,210,210,210,170,210,170,210,210,other
finance bounce house,USD,40,25%,0%,High,84,1.07,9.23,,,,,,40,40,90,90,20,30,30,20,40,40,30,50,other
wholesale commercial inflatables for sale,USD,10,0%,0%,Low,25,,,,,,,,10,20,50,20,10,20,10,10,10,10,0,10,primary
used inflatable water slide,USD,70,180%,-56%,High,100,0.16,1.61,,,,,,170,70,20,10,10,10,10,40,110,50,140,140,other
princess jump house,USD,50,-57%,-25%,High,100,0.45,1.66,,,,,,40,70,50,50,30,50,50,70,40,70,70,30,other
inflatable axe throwing for sale,USD,20,-50%,0%,High,100,,,,,,,,10,10,20,20,10,10,30,10,10,20,10,10,secondary
cheap jump house rentals,USD,30,-75%,-86%,High,83,0.81,2.90,,,,,,40,40,40,50,20,10,10,20,30,40,30,10,deprioritize_rental
bounce house pool rental,USD,90,86%,-19%,High,98,0.70,1.93,,,,,,260,110,40,10,10,10,20,40,70,140,170,260,deprioritize_rental
bounce house equipment,USD,40,0%,-29%,High,100,0.29,2.08,,,,,,70,40,40,50,20,30,20,30,30,50,40,50,other
bounce house for sale houston,USD,20,50%,50%,High,100,0.26,1.42,,,,,,20,30,20,20,30,10,10,20,20,20,20,30,secondary
inflatable house for sale,USD,720,14%,0%,High,100,0.23,1.25,,,,,,720,720,720,720,590,480,590,720,880,880,1000,1000,secondary
waterslide purchase,USD,30,250%,0%,High,100,0.28,1.13,,,,,,70,40,10,10,10,10,10,10,30,20,50,70,other
large jumping castle for sale,USD,10,0%,0%,High,67,,,,,,,,0,0,10,10,10,10,10,10,10,10,0,10,secondary
bounce water slide rentals near me,USD,40,175%,0%,High,90,0.70,2.16,,,,,,90,50,10,10,0,10,10,10,40,40,90,110,deprioritize_rental
fun bounce house,USD,210,0%,0%,High,78,0.60,2.17,,,,,,210,260,260,140,210,140,170,140,210,260,260,260,other
inflatable warehouse,USD,70,-44%,-29%,High,100,0.38,1.94,,,,,,90,70,50,70,90,50,40,70,90,90,70,50,other
commercial bounce house with slide for sale,USD,70,-36%,0%,High,100,0.40,1.56,,,,,,70,70,40,70,20,40,70,70,90,110,90,70,primary
halloween bounce house for sale,USD,50,0%,-50%,High,100,0.29,1.53,,,,,,70,90,210,170,10,10,10,10,10,20,10,20,secondary
buy inflatable slide,USD,390,23%,-33%,High,100,0.26,1.18,,,,,,720,480,390,320,320,210,260,260,390,480,480,590,secondary
spiderman bounce house for sale,USD,110,0%,-35%,High,99,0.23,0.97,,,,,,110,140,140,110,90,110,110,110,110,110,140,110,secondary
bounce house for sale with blower,USD,170,-35%,-47%,High,100,0.26,1.01,,,,,,260,210,170,140,110,110,90,90,170,260,210,170,secondary
inflatables near me to rent,USD,140,53%,0%,Medium,59,0.79,2.25,,,,,,210,210,90,90,50,40,70,50,110,170,210,260,deprioritize_rental
bounce house start up package,USD,10,-50%,0%,High,100,,,,,,,,20,10,10,10,10,10,10,10,10,20,10,10,other
inflatable rentals for birthday parties,USD,110,-22%,-82%,High,79,0.35,1.84,,,,,,260,210,140,70,50,50,90,140,110,90,90,70,deprioritize_rental
jump house with water slide,USD,12100,124%,-18%,High,100,0.38,1.75,,,,,,27100,14800,5400,2400,1900,1900,2900,4400,12100,14800,22200,33100,other
small water bounce house,USD,90,91%,-19%,High,100,0.28,1.52,,,,,,170,70,20,10,10,10,20,30,140,110,170,210,other
cheap bounce houses near me,USD,90,0%,-18%,High,100,0.69,2.28,,,,,,90,140,140,90,70,50,50,70,70,90,90,90,deprioritize_rental
big waterslide for sale,USD,20,150%,25%,High,100,0.21,1.04,,,,,,20,10,10,10,10,10,10,10,30,20,40,50,secondary
used bounce house,USD,140,21%,0%,High,100,0.14,0.93,,,,,,140,140,110,110,90,70,90,90,140,140,170,170,other
bounce house for adults near me,USD,210,-19%,-35%,Medium,60,0.59,1.90,,,,,,260,260,210,170,140,140,170,140,210,210,210,170,deprioritize_rental
all about bounce,USD,70,0%,0%,Low,11,1.26,2.71,,,,,,70,50,70,90,30,20,30,70,70,90,90,90,other
water slide inflatable with blower,USD,20,133%,-36%,High,100,0.31,1.02,,,,,,40,10,10,10,10,0,10,10,50,30,40,70,other
best backyard bounce house,USD,30,67%,-29%,High,100,0.47,1.09,,,,,,40,20,20,40,50,20,10,10,30,30,70,50,other
water bounce rental,USD,70,143%,-35%,High,99,0.61,2.19,,,,,,210,90,10,10,10,10,10,10,50,70,70,170,deprioritize_rental
castle jumper,USD,90,0%,0%,High,100,0.47,1.91,,,,,,110,90,110,90,90,70,90,70,90,110,110,110,other
small blow up bounce house,USD,70,29%,29%,High,100,0.08,1.00,,,,,,50,50,50,70,110,90,70,50,90,70,90,90,other
party slides for rent,USD,90,91%,24%,High,67,0.84,2.02,,,,,,210,140,90,50,40,20,20,30,110,110,140,210,deprioritize_rental
bounce house retail,USD,10,0%,-50%,High,100,0.26,2.32,,,,,,20,10,20,10,10,10,10,10,20,10,10,10,other
inflatable jumping castle rental,USD,1300,-21%,-99%,Medium,57,0.68,1.85,,,,,,9900,4400,1300,110,170,40,260,140,260,140,140,110,deprioritize_rental
professional inflatable water slide,USD,20,100%,-20%,High,100,0.26,1.65,,,,,,50,20,10,10,10,10,10,10,20,20,40,40,other
yard bounce house,USD,40,-43%,-43%,High,100,0.23,1.35,,,,,,70,40,40,40,20,30,40,40,40,70,50,40,other
inflatable water bounce house rental,USD,20,250%,0%,High,100,0.90,2.10,,,,,,90,10,10,10,10,0,10,10,20,20,30,70,deprioritize_rental
used commercial inflatable water slides for sale,USD,30,400%,67%,High,100,0.21,1.14,,,,,,20,20,70,30,50,40,10,10,20,10,30,50,primary
moon bounce house,USD,90,0%,-21%,High,100,0.55,2.08,,,,,,110,140,90,70,90,50,90,70,90,110,140,110,other
inflatable water slide for sale near me,USD,90,320%,-34%,High,100,0.34,1.11,,,,,,390,90,40,10,10,20,10,10,50,50,110,210,secondary
jumpies for rent near me,USD,10,-100%,-100%,Unknown,,,,,,,,,10,10,10,0,10,10,0,10,10,10,10,0,deprioritize_rental
event inflatables,USD,880,0%,-93%,High,67,0.94,3.95,,,,,,720,1900,4400,1600,210,50,90,590,320,210,170,210,other
15x15 commercial bounce house,USD,40,50%,0%,High,100,0.46,1.51,,,,,,30,30,140,50,50,50,30,20,20,20,50,30,primary
commercial size water slide,USD,40,175%,0%,High,100,0.26,1.04,,,,,,90,20,10,10,10,10,10,10,40,40,70,110,primary
rent a small bounce house,USD,1000,0%,0%,High,100,0.79,1.93,,,,,,1000,2400,1900,1300,1000,590,880,720,1000,880,880,880,deprioritize_rental
6x6 bounce house,USD,50,0%,25%,High,100,0.17,0.74,,,,,,50,40,70,40,70,40,50,50,40,50,30,50,other
commercial bouncers,USD,70,-29%,-44%,High,100,0.62,2.87,,,,,,50,70,90,90,50,40,50,30,50,70,110,50,primary
bouncy castle water slide rental,USD,10,300%,33%,High,100,0.90,2.01,,,,,,20,10,10,0,10,0,0,10,10,10,20,40,deprioritize_rental
huge water slides for sale,USD,210,127%,-18%,High,100,0.22,1.38,,,,,,590,260,260,140,50,50,70,70,110,260,390,590,secondary
commercial water slide bounce house for sale,USD,30,150%,-64%,High,100,0.31,1.48,,,,,,90,40,10,10,10,10,10,10,40,20,50,50,primary
bounce house slide rental near me,USD,50,133%,-22%,High,81,0.80,1.95,,,,,,90,50,40,40,30,10,20,30,70,30,70,70,deprioritize_rental
5 in 1 bounce house,USD,90,-18%,-18%,High,100,0.36,1.70,,,,,,90,90,110,90,90,40,70,70,110,110,90,90,other
double water slide bounce house,USD,70,100%,-64%,High,100,0.43,1.76,,,,,,320,140,40,10,10,10,0,10,40,70,110,140,other
best rated bounce house,USD,20,100%,33%,High,100,0.45,1.26,,,,,,20,20,10,10,20,10,10,10,10,20,20,40,other
buy blow up water slide,USD,20,250%,40%,High,100,0.26,1.11,,,,,,30,30,10,10,10,0,10,10,10,20,30,70,secondary
20 foot inflatable water slide,USD,170,321%,23%,High,100,0.31,1.76,,,,,,390,260,90,50,30,20,40,40,90,140,320,590,other
custom made bounce house,USD,10,0%,0%,High,82,2.45,14.34,,,,,,20,10,10,10,10,10,10,10,10,10,10,10,other
portable bounce house,USD,70,-20%,-43%,High,100,0.23,1.28,,,,,,50,40,50,390,70,40,40,30,30,50,50,40,other
rental of bounce houses near me,USD,20,-75%,-50%,High,86,0.71,2.95,,,,,,20,20,20,10,10,10,10,20,20,40,20,10,deprioritize_rental
my bounce house for sale,USD,10,0%,-50%,High,80,,,,,,,,20,10,10,10,10,10,10,10,0,10,10,10,secondary
blow up jumper,USD,260,-19%,-19%,High,100,0.28,1.50,,,,,,320,320,320,260,210,170,170,210,210,320,260,260,other
big bounce house water slide,USD,70,100%,-33%,High,100,0.39,1.76,,,,,,140,90,30,30,20,20,20,30,70,70,110,140,other
inflatable playset,USD,40,-43%,-43%,High,100,0.28,1.50,,,,,,70,40,40,20,30,20,20,20,50,70,70,40,other
giant inflatable rentals,USD,50,0%,0%,High,78,0.79,2.05,,,,,,50,70,50,40,40,20,30,30,30,70,70,70,deprioritize_rental
inflatable dry slide,USD,140,21%,0%,High,99,0.52,1.95,,,,,,110,170,170,140,90,50,110,70,140,140,170,170,other
blow up water slides for rent near me,USD,590,164%,19%,Medium,65,0.59,1.97,,,,,,1300,590,140,50,40,40,50,90,390,720,1300,1900,deprioritize_rental
companies that make inflatables,USD,10,0%,0%,High,79,,,,,,,,10,10,10,10,10,10,10,10,10,10,10,10,other
wholesale white bounce house,USD,10,0%,-100%,Unknown,,,,,,,,,10,10,0,10,10,0,10,0,10,0,10,0,primary
jurassic park bounce house,USD,90,-36%,-36%,High,98,0.74,1.87,,,,,,140,90,110,70,50,70,70,70,90,110,110,70,other
castle jumper rental,USD,10,0%,0%,High,94,0.55,1.54,,,,,,20,20,20,10,20,10,20,10,20,10,10,10,deprioritize_rental
used inflatable water slides for sale,USD,90,133%,0%,High,100,0.21,1.23,,,,,,170,90,110,50,70,30,10,30,90,90,170,210,secondary
bounce houses for rent in my area,USD,10,0%,-50%,Medium,57,,,,,,,,30,20,20,30,10,10,10,10,10,10,10,10,deprioritize_rental
bounce house inflatables near me,USD,390,0%,-19%,High,99,0.91,2.70,,,,,,390,390,390,390,320,170,210,260,480,390,480,390,deprioritize_rental
obstacle course bounce house for adults,USD,40,67%,0%,High,91,0.32,1.85,,,,,,70,50,40,50,20,20,50,30,40,30,50,50,other
bounce water inflatables,USD,10,0%,0%,High,71,0.50,2.31,,,,,,10,10,10,10,10,10,10,10,10,10,10,10,other
new bounce house,USD,90,0%,-18%,High,99,0.23,1.38,,,,,,110,110,90,90,90,70,90,110,110,90,110,90,other
princess bounce house for sale,USD,30,0%,-40%,High,100,0.23,1.90,,,,,,70,50,30,20,20,10,20,20,40,30,30,30,secondary
bounce house buy now pay later,USD,10,0%,-50%,High,100,0.51,3.94,,,,,,20,30,10,10,10,10,10,10,10,10,10,10,secondary
inflatable bounce house with pool,USD,170,127%,23%,High,100,0.38,1.72,,,,,,390,140,50,40,40,30,40,50,260,260,480,590,other
industrial bouncy castles for sale,USD,10,0%,-100%,Unknown,,,,,,,,,10,0,10,10,0,0,0,0,10,0,0,0,secondary
waterslide wholesale,USD,70,27%,-33%,High,100,0.36,2.41,,,,,,170,50,30,20,10,20,10,40,140,110,170,140,primary
adult blow up slide,USD,70,89%,0%,High,100,0.33,1.75,,,,,,140,70,20,20,20,20,20,20,70,90,140,170,other
jump and slide rentals,USD,40,75%,0%,Medium,54,0.75,2.14,,,,,,90,90,50,20,10,10,20,10,40,40,70,70,deprioritize_rental
bounce house store,USD,210,0%,23%,High,97,0.23,1.33,,,,,,260,260,210,170,140,170,110,140,260,320,320,320,other
flatables,USD,110,-21%,-21%,High,76,0.53,3.83,,,,,,140,110,110,140,90,90,90,90,140,140,140,110,other
bounce combo rentals,USD,10,100%,100%,Medium,60,1.00,1.77,,,,,,10,10,10,20,20,10,10,10,10,10,20,20,deprioritize_rental
industrial jump house,USD,20,100%,-33%,High,100,0.26,1.33,,,,,,20,30,30,20,20,20,10,10,10,10,10,20,other
best place to buy commercial bounce house,USD,170,50%,875%,High,100,0.39,2.07,,,,,,30,30,30,50,70,30,70,260,320,260,590,390,primary
brand new bounce house,USD,20,0%,0%,High,91,0.24,1.07,,,,,,20,10,20,20,10,10,10,10,20,20,10,20,other
indoor inflatable bounce house rental,USD,20,0%,0%,High,100,1.01,1.73,,,,,,40,10,20,30,40,30,30,20,20,10,10,10,deprioritize_rental
bounce house rental packages,USD,40,33%,0%,High,81,0.68,1.93,,,,,,50,40,40,40,10,20,10,40,90,30,40,40,deprioritize_rental
vinyl bounce house,USD,50,80%,0%,High,100,0.29,1.31,,,,,,90,70,50,70,70,30,30,50,70,50,70,90,other
space jumps for sale,USD,30,-40%,-40%,High,100,0.24,4.00,,,,,,70,40,20,20,20,20,10,20,30,50,20,30,secondary
20x20 bounce house,USD,50,0%,0%,High,100,0.35,1.85,,,,,,90,50,70,50,40,30,50,50,70,70,70,70,other
inflatable ax throwing,USD,90,56%,27%,High,100,0.25,1.52,,,,,,90,90,140,140,90,30,70,50,50,90,110,140,other
adult bounce house rental near me,USD,110,21%,-19%,Medium,57,0.52,1.82,,,,,,170,140,110,70,30,20,50,40,140,140,260,170,deprioritize_rental
bounce house for sale miami,USD,10,∞,0%,High,100,,,,,,,,10,10,10,10,10,10,10,10,10,0,10,10,secondary
commercial slip and slide for sale,USD,20,1000%,175%,High,100,0.36,2.36,,,,,,50,20,10,10,10,0,10,10,10,10,40,110,primary
local jump house rentals,USD,210,23%,23%,High,82,0.88,2.33,,,,,,210,260,320,260,110,40,90,90,260,260,260,320,deprioritize_rental
ebay bounce house,USD,90,-21%,-35%,High,97,0.19,1.06,,,,,,140,110,90,90,40,50,70,50,110,140,90,110,other
purchase inflatable obstacle course,USD,390,-19%,-19%,High,100,0.33,2.25,,,,,,880,390,390,320,260,170,260,320,480,480,480,390,other
inflatable bounce house and water slide,USD,12100,124%,-18%,High,100,0.38,1.75,,,,,,27100,14800,5400,2400,1900,1900,2900,4400,12100,14800,22200,33100,other
buy a white bounce house,USD,10,0%,0%,High,100,0.28,1.18,,,,,,10,10,10,10,10,0,10,10,10,10,10,10,secondary
commercial obstacle course,USD,50,-22%,0%,High,100,0.76,3.23,,,,,,40,50,70,50,40,10,40,40,70,90,90,70,primary
inflatable water slide obstacle course,USD,50,180%,27%,High,100,0.51,1.92,,,,,,140,90,30,20,10,10,10,30,40,50,90,140,other
10 x 10 bounce house,USD,320,-19%,-33%,High,99,0.37,1.80,,,,,,480,480,390,390,320,210,320,320,320,320,390,260,other
batman bounce house rental near me,USD,10,0%,-50%,High,84,0.71,2.19,,,,,,10,20,20,10,10,10,20,10,20,10,10,10,deprioritize_rental
cheap inflatable bounce house,USD,30,133%,0%,High,100,0.21,1.24,,,,,,40,40,20,20,30,20,10,30,20,30,70,70,other
indoor inflatable bouncer,USD,1000,22%,-18%,High,100,0.25,1.21,,,,,,720,880,880,1300,1900,1900,1600,1000,1000,590,590,720,other
buy water slide bounce house,USD,30,125%,29%,High,100,0.27,1.11,,,,,,70,30,30,10,10,10,10,10,20,40,40,90,secondary
big blow up slide,USD,110,200%,24%,High,100,0.29,1.81,,,,,,170,140,170,90,50,20,30,40,90,70,170,210,other
white bounce house castle,USD,40,-20%,-20%,High,100,0.24,1.01,,,,,,70,50,40,30,20,10,30,30,70,50,50,40,other
commercial water slide for adults,USD,50,240%,-35%,High,100,0.29,1.86,,,,,,140,40,20,10,10,10,10,20,50,50,170,170,primary
30 ft water slide for sale,USD,30,100%,-20%,High,95,0.31,1.29,,,,,,70,40,70,20,10,30,10,10,10,20,40,40,secondary
truck bounce house,USD,90,-36%,-50%,High,100,0.85,1.96,,,,,,210,170,90,70,40,50,90,110,70,110,70,70,other
jump house rental prices,USD,1000,-23%,-23%,Medium,49,0.65,1.85,,,,,,1000,1300,1000,1000,720,480,720,720,1000,1300,1300,1000,deprioritize_rental
florida bounce house,USD,90,40%,-36%,Medium,53,1.33,2.45,,,,,,90,90,90,90,90,70,70,70,90,50,170,70,other
bounce house inside,USD,390,0%,-19%,High,100,0.43,2.08,,,,,,480,390,390,390,390,390,390,390,590,390,480,390,other
inflatable bounce water slide,USD,70,133%,-19%,High,100,0.39,1.70,,,,,,170,70,20,10,10,10,10,20,50,90,170,210,other
large water slide bounce house,USD,50,120%,0%,High,100,0.39,1.76,,,,,,110,70,20,10,10,10,10,10,70,50,90,110,other
princess water slide,USD,170,85%,50%,High,99,0.38,1.72,,,,,,320,170,70,50,40,20,70,70,170,260,320,480,other
rent a water bounce house near me,USD,390,171%,-19%,High,98,0.70,2.00,,,,,,1000,480,110,30,10,10,70,90,260,480,880,1300,deprioritize_rental
obstacle bounce house for sale,USD,30,33%,33%,High,100,0.24,1.03,,,,,,30,30,30,50,30,20,30,40,40,30,30,40,secondary
bounce house with high weight limit,USD,10,-50%,-50%,High,100,0.41,0.92,,,,,,20,20,10,10,20,20,10,10,20,20,20,10,other
inexpensive bounce house rentals,USD,1300,0%,-16%,High,85,0.71,1.95,,,,,,1600,1600,1600,1300,720,480,590,720,1600,1600,1900,1600,deprioritize_rental
water slide castle,USD,90,133%,0%,High,100,0.44,1.79,,,,,,210,110,30,30,10,20,30,20,70,90,170,210,other
giant inflatable slide for sale,USD,50,25%,0%,High,100,0.20,1.12,,,,,,40,50,90,70,70,40,20,20,20,40,30,50,secondary
large jump house,USD,30,0%,50%,High,100,0.31,1.50,,,,,,40,40,30,20,20,20,10,10,30,30,20,30,other
rent a bounce water slide,USD,10,0%,-33%,High,100,0.33,1.83,,,,,,10,10,0,0,0,10,10,10,10,20,20,20,deprioritize_rental
inflatable rentals in my area,USD,10,100%,0%,Medium,36,1.23,5.33,,,,,,30,20,10,10,10,10,0,0,10,10,10,20,deprioritize_rental
tractor bounce house,USD,140,-18%,-65%,High,100,0.68,2.04,,,,,,210,170,110,140,70,50,210,110,110,110,110,90,other
bounce house sale near me,USD,50,0%,-22%,High,100,0.39,2.00,,,,,,50,50,40,50,50,20,40,30,70,70,70,70,deprioritize_rental
moon bounce with slide,USD,70,0%,-18%,High,100,0.46,2.04,,,,,,110,70,70,70,70,30,40,50,70,90,90,90,other
inflatable vendors,USD,10,0%,0%,High,91,2.18,10.55,,,,,,10,10,10,10,10,10,10,10,10,10,10,10,other
local bounce house rentals near me,USD,40,67%,-29%,High,84,0.94,2.68,,,,,,70,50,70,30,20,10,10,50,30,30,40,50,deprioritize_rental
commercial jump house for sale,USD,2900,0%,0%,High,100,0.31,1.83,,,,,,3600,2900,2900,2900,1900,1600,1900,2400,3600,3600,3600,3600,primary
bounce house with slide and blower,USD,30,0%,-40%,High,100,0.41,1.61,,,,,,50,10,30,40,70,10,20,30,50,30,20,30,other
inflatable slide with blower,USD,10,100%,-43%,High,100,0.28,0.98,,,,,,20,10,10,10,10,10,10,10,20,20,20,40,other
water bouncers for sale,USD,10,0%,0%,High,100,,,,,,,,10,10,10,10,0,0,10,10,10,10,10,10,secondary
combo jumper rentals near me,USD,10,0%,0%,High,100,,,,,,,,10,10,10,10,10,10,10,10,0,10,10,10,deprioritize_rental
all day bounce house rentals,USD,10,100%,-33%,Medium,64,0.74,2.37,,,,,,20,20,10,10,10,10,10,10,10,10,20,20,deprioritize_rental
custom inflatable bounce house,USD,10,100%,100%,High,100,2.21,10.72,,,,,,10,10,20,20,10,10,10,20,10,10,10,20,other
inflatable auction,USD,30,0%,0%,High,67,1.25,2.95,,,,,,40,20,20,10,10,10,20,20,40,40,30,40,other
bounce buy,USD,40,67%,-29%,High,100,0.31,2.13,,,,,,50,50,40,50,20,20,20,30,40,30,40,50,other
blow up castle for sale,USD,260,100%,0%,High,100,0.18,1.53,,,,,,170,1600,1000,10,110,30,20,10,20,10,10,20,secondary
best bounce house rentals,USD,50,-56%,-43%,High,86,0.80,2.05,,,,,,70,90,70,50,50,20,50,40,50,90,50,40,deprioritize_rental
bounce house water slide combo rental,USD,20,67%,-44%,High,78,1.02,2.36,,,,,,50,30,10,10,10,10,10,10,10,30,30,50,deprioritize_rental
heated bounce house,USD,50,-50%,-50%,High,88,,,,,,,,10,40,110,110,110,90,50,20,10,20,10,10,other
bounce house with air blower,USD,10,-67%,-50%,High,100,0.25,1.09,,,,,,10,10,20,10,10,10,10,10,10,30,20,10,other
winter bounce house,USD,70,50%,0%,High,91,0.54,1.75,,,,,,50,70,140,140,210,140,90,20,20,20,20,30,other
commercial inflatable waterslide,USD,30,75%,0%,High,100,0.41,1.96,,,,,,90,20,10,10,10,10,10,10,30,40,70,70,primary
commercial inflatable bounce house for sale,USD,40,0%,-56%,High,100,0.41,2.07,,,,,,70,70,50,20,20,30,20,20,40,40,50,40,primary
princess bounce house with slide,USD,50,-20%,-20%,High,100,0.34,1.50,,,,,,70,90,70,70,40,30,40,40,50,50,70,40,other
large blow up slide,USD,110,50%,-19%,High,100,0.34,1.80,,,,,,170,140,70,50,70,40,40,70,110,140,170,210,other
wholesale moonwalks for sale,USD,10,0%,0%,High,100,0.42,1.12,,,,,,10,10,0,10,10,0,10,10,10,10,10,10,primary
commercial water slide manufacturer,USD,30,-40%,0%,High,100,1.44,4.05,,,,,,20,30,20,10,10,10,20,20,40,50,40,30,primary
white bounce house buy,USD,10,0%,0%,High,100,0.37,1.86,,,,,,10,10,10,10,10,10,10,10,10,10,10,10,other
blow up bounce house with slide,USD,110,86%,24%,High,100,0.42,1.50,,,,,,90,70,70,40,90,50,50,70,140,140,210,260,other
water bounce rentals near me,USD,10,400%,0%,High,90,0.75,2.17,,,,,,30,10,10,0,0,10,10,0,10,10,30,50,deprioritize_rental
bounce tech inflatable water slide,USD,20,400%,-44%,High,100,0.34,1.30,,,,,,90,10,10,0,10,10,10,10,10,10,30,50,other
home jumping castle,USD,10,0%,0%,High,100,,,,,,,,20,10,10,10,10,10,20,10,10,10,20,10,other
adult water inflatable,USD,110,129%,22%,High,100,0.25,1.60,,,,,,170,70,20,10,10,10,20,30,140,170,210,390,other
wet dry inflatable slide,USD,90,29%,-47%,High,100,0.32,1.68,,,,,,140,320,110,40,40,10,30,50,90,70,140,90,other
bounce house wholesale usa,USD,20,0%,0%,Medium,38,,,,,,,,10,20,70,30,30,20,10,10,10,10,10,10,primary
bounce house storage,USD,110,50%,24%,High,92,0.30,0.90,,,,,,140,140,140,90,90,70,70,50,110,140,210,210,other
16x16 bounce house,USD,20,-67%,-75%,High,93,0.39,1.66,,,,,,40,30,30,30,20,10,10,10,20,30,30,10,other
water slide bounce house with blower,USD,20,100%,-43%,High,100,0.40,1.69,,,,,,50,40,20,10,10,10,10,10,30,20,40,40,other
used commercial bounce house for sale cheap,USD,40,80%,80%,High,88,0.14,0.54,,,,,,20,20,10,10,20,20,10,20,50,50,110,90,primary
castle bounce house rental near me,USD,20,-50%,0%,High,95,0.83,2.51,,,,,,20,20,20,20,10,10,10,10,30,40,30,20,deprioritize_rental
inflatable waterslides near me,USD,90,189%,0%,High,100,0.78,1.99,,,,,,260,140,40,10,10,10,20,20,70,90,140,260,deprioritize_rental
bounce house with slide rental near me,USD,70,0%,367%,Low,13,1.13,2.08,,,,,,30,30,50,50,30,10,10,30,260,140,90,140,deprioritize_rental
indoor jump houses,USD,590,0%,-19%,High,100,0.24,1.35,,,,,,590,480,480,590,720,880,880,590,590,480,480,480,other
blow up castles to buy,USD,10,∞,0%,High,100,,,,,,,,0,0,0,10,0,0,0,10,10,0,10,10,other
bounce house factory,USD,40,-20%,0%,High,100,0.43,3.40,,,,,,30,40,40,40,40,30,20,30,30,50,30,40,other
inflatable bounce house manufacturers,USD,20,100%,300%,Medium,56,0.76,2.30,,,,,,20,50,10,20,20,20,10,10,10,20,10,40,primary
birthday inflatables for rent near me,USD,20,-67%,0%,High,71,0.37,1.93,,,,,,10,20,10,10,10,10,20,20,30,30,20,10,deprioritize_rental
big inflatables for sale,USD,10,0%,0%,High,100,0.23,2.53,,,,,,20,20,10,20,10,10,10,10,10,10,20,10,secondary
bounce house with pump,USD,260,85%,-19%,High,100,0.23,0.73,,,,,,390,260,320,260,170,170,140,140,260,260,390,480,other
bounce house blower rental,USD,70,75%,-22%,Medium,47,0.76,1.93,,,,,,140,210,50,30,20,20,30,20,50,40,50,70,deprioritize_rental
jumping castle water slide for sale,USD,10,0%,-50%,High,100,,,,,,,,20,10,10,10,0,0,10,0,10,10,20,10,secondary
in home bounce house,USD,20,-50%,-50%,High,100,0.20,0.48,,,,,,10,10,20,20,40,40,20,20,10,20,10,10,other
bounce house with pool for sale,USD,20,0%,-57%,High,100,0.27,1.24,,,,,,50,50,10,10,10,10,10,10,30,30,40,30,secondary
inflatables to rent for birthday parties,USD,20,50%,50%,High,78,0.61,2.20,,,,,,30,10,10,20,10,10,20,20,50,20,30,30,deprioritize_rental
unicorn bounce house near me,USD,20,-67%,-50%,High,100,0.95,1.60,,,,,,30,40,50,20,10,10,20,10,20,30,30,10,deprioritize_rental
discount inflatable water slides,USD,20,0%,-71%,High,100,0.38,1.64,,,,,,50,20,10,10,10,10,10,10,10,20,40,20,other
wedding bounce house for sale,USD,10,0%,0%,High,100,,,,,,,,10,20,10,10,10,10,10,0,10,10,10,10,secondary
bounce house dimensions,USD,210,-19%,-19%,High,100,0.31,1.19,,,,,,210,210,260,260,170,140,170,140,210,260,260,210,other
bounce house for teenager,USD,320,23%,0%,High,100,0.35,1.67,,,,,,320,390,260,260,320,210,260,260,480,390,480,480,other
white inflatable bounce house for sale,USD,10,0%,0%,High,67,,,,,,,,10,10,10,10,10,10,10,10,10,10,10,10,secondary
inflatable games near me,USD,50,75%,75%,Medium,60,0.96,2.45,,,,,,40,70,110,70,70,40,50,40,40,40,50,70,deprioritize_rental
cost to buy a bounce house,USD,30,0%,-25%,High,100,0.13,0.74,,,,,,40,50,40,20,30,10,30,20,30,30,30,30,secondary
discount bounce house,USD,40,0%,-44%,High,100,0.51,1.79,,,,,,50,50,40,30,30,10,20,40,40,50,50,50,other
pastel bounce house for sale,USD,10,0%,∞,High,100,,,,,,,,10,10,10,10,0,10,10,10,10,10,10,10,secondary
jump house purchase,USD,10,-33%,0%,High,100,0.19,0.92,,,,,,10,10,20,10,20,10,10,10,20,30,20,20,other
inflatable toys for rent near me,USD,10,0%,0%,Medium,51,,,,,,,,10,10,10,10,0,0,0,0,10,10,10,10,deprioritize_rental
bouncy castle with slide to buy,USD,10,∞,0%,High,100,,,,,,,,10,10,0,0,0,10,0,0,10,0,10,10,other
bounce house adults rent,USD,10,0%,0%,High,79,0.60,1.81,,,,,,30,20,10,10,0,10,10,10,20,10,10,10,deprioritize_rental
rent inflatable slide near me,USD,20,50%,0%,High,83,0.45,1.80,,,,,,30,30,20,10,10,10,10,10,10,20,20,30,deprioritize_rental
air jumper rental,USD,20,-33%,-33%,High,90,0.56,2.25,,,,,,20,30,10,10,10,10,10,20,20,30,20,20,deprioritize_rental
bouncer rentals for birthday parties,USD,30,33%,100%,High,69,0.76,2.86,,,,,,30,30,30,30,20,10,30,40,50,30,30,40,deprioritize_rental
bouncy castle rental for adults,USD,30,-25%,-57%,High,67,0.71,1.87,,,,,,50,50,40,30,10,10,20,20,30,40,50,30,deprioritize_rental
bounce buy inflatables,USD,10,0%,0%,Medium,43,,,,,,,,10,10,10,10,10,10,10,10,10,10,10,10,secondary
bouncy castle cheap,USD,40,0%,-20%,High,98,0.42,1.64,,,,,,50,30,50,30,20,20,30,40,20,40,40,40,other
rent inflatable jump house,USD,20,0%,-33%,High,94,0.84,2.05,,,,,,20,30,30,20,20,10,10,20,30,20,30,20,deprioritize_rental
inflatable castle rental near me,USD,10,0%,0%,High,73,0.48,17.42,,,,,,10,10,10,10,10,70,10,10,10,10,10,10,deprioritize_rental
renting blow up bouncer,USD,20,0%,200%,High,94,0.66,1.98,,,,,,20,10,20,10,10,10,20,10,20,30,20,30,other
commercial blow up slide,USD,50,133%,-22%,High,100,0.26,1.65,,,,,,70,70,110,50,70,30,30,20,40,30,70,70,primary
large bounce house water slide,USD,30,133%,-36%,High,100,0.44,1.95,,,,,,110,50,20,10,10,10,10,10,30,30,40,70,other
bounce inflatables near me,USD,30,0%,-43%,High,90,0.65,2.07,,,,,,70,70,40,20,10,10,30,20,30,40,40,40,deprioritize_rental
bouncy castle with slide rental,USD,480,50%,-18%,High,73,0.72,1.99,,,,,,720,720,590,480,210,110,170,210,390,480,720,720,deprioritize_rental
mini bounce houses,USD,2400,-21%,-21%,High,100,0.10,0.91,,,,,,1900,1900,1900,2400,2900,2900,1900,1900,2400,2400,1900,1900,other
water jump house rental near me,USD,10,100%,-56%,High,83,0.59,2.18,,,,,,40,10,10,10,10,0,10,10,20,20,30,40,deprioritize_rental
water play house,USD,50,57%,-21%,High,100,0.29,1.02,,,,,,110,40,20,10,10,10,20,20,50,70,110,110,other
purchase bounce house water slide,USD,10,0%,-50%,High,100,,,,,,,,20,10,10,10,10,0,10,10,10,10,10,10,other
water slide combo,USD,110,129%,-75%,High,100,0.55,1.88,,,,,,210,140,70,50,20,10,30,40,110,140,210,320,other
unicorn inflatable bounce house,USD,30,-33%,-33%,High,100,0.43,2.34,,,,,,40,30,20,30,40,20,10,20,20,30,20,20,other
dinosaur bounce house for sale,USD,40,-57%,-25%,High,100,0.24,1.51,,,,,,40,50,50,40,40,10,20,40,50,70,40,30,secondary
heavy duty bounce house water slide,USD,10,100%,0%,High,100,0.43,1.44,,,,,,10,10,10,10,10,0,10,30,10,10,10,20,other
big bounce house with slide,USD,320,0%,0%,High,100,0.36,1.58,,,,,,480,320,320,260,320,170,170,170,480,390,480,390,other
circus bounce house,USD,90,0%,-18%,High,100,0.70,1.98,,,,,,110,70,90,90,70,40,90,70,90,90,90,90,other
buy a bounce house near me,USD,30,25%,0%,High,100,0.22,1.12,,,,,,40,40,30,40,20,20,20,20,30,40,30,50,secondary
bounce house tarp,USD,90,55%,0%,High,99,0.24,1.03,,,,,,140,70,90,70,50,30,40,40,90,110,140,170,other
large inflatable water slide for sale,USD,90,55%,-35%,High,100,0.27,1.09,,,,,,210,140,40,20,10,20,10,30,70,110,140,170,secondary
unicorn bounce house with slide,USD,40,25%,-55%,High,100,0.37,1.68,,,,,,70,70,50,30,30,30,20,30,30,40,30,50,other
best place to buy inflatable bounce house,USD,10,0%,0%,High,100,,,,,,,,20,10,10,10,10,10,10,10,10,10,10,10,secondary
moon walk inflatables,USD,40,40%,40%,High,99,0.33,2.01,,,,,,50,40,30,30,30,20,30,30,70,50,70,70,other
large inflatable waterslide,USD,40,120%,-21%,High,100,0.34,1.65,,,,,,90,30,10,10,10,10,10,10,40,50,90,110,other
industrial waterslide,USD,40,57%,57%,High,100,0.27,1.65,,,,,,90,30,10,10,10,10,10,30,40,70,90,110,other
space walk inflatables for sale,USD,10,0%,100%,High,100,0.19,1.50,,,,,,10,10,10,10,10,10,10,10,10,20,20,20,secondary
wholesale jumpers for sale los angeles,USD,20,50%,0%,High,100,0.30,2.25,,,,,,40,30,10,20,10,10,10,20,30,20,20,30,primary
jump inflatables near me,USD,50,0%,133%,High,74,0.99,2.26,,,,,,40,40,50,40,40,50,40,40,110,70,50,70,deprioritize_rental
14x14 bounce house,USD,90,56%,27%,High,98,0.32,2.23,,,,,,70,110,70,90,40,50,50,50,110,90,110,140,other
water slide bouncy castle rental,USD,10,0%,0%,High,96,0.80,1.85,,,,,,10,10,0,0,0,0,10,0,0,10,10,10,deprioritize_rental
usa inflatable,USD,90,256%,129%,High,100,0.55,2.81,,,,,,110,50,110,40,40,30,20,40,50,90,170,320,other
backyard jumpers,USD,70,-22%,0%,High,100,0.30,1.51,,,,,,90,50,40,50,50,40,50,70,50,90,90,70,other
water slide bounce house near me,USD,70,143%,0%,High,100,0.77,2.16,,,,,,170,70,40,10,10,10,10,10,50,70,110,170,deprioritize_rental
inflatable bounce slide,USD,90,27%,0%,High,100,0.42,1.87,,,,,,140,110,70,50,50,70,30,40,90,110,140,140,other
small commercial bounce house,USD,20,0%,-40%,High,97,0.32,1.16,,,,,,30,10,10,10,30,10,10,10,40,30,20,30,primary
blow up water slide bounce house,USD,210,182%,-19%,High,100,0.46,1.70,,,,,,320,260,210,170,50,70,70,50,140,170,320,480,other
adult inflatable waterslide,USD,30,120%,22%,High,100,0.33,1.74,,,,,,50,20,10,10,10,10,10,10,30,50,50,110,other
commercial obstacle course inflatable,USD,10,0%,0%,High,100,0.70,4.76,,,,,,10,10,10,10,10,10,10,10,10,20,30,20,primary
big bounce house for adults,USD,30,25%,-29%,High,94,0.21,1.01,,,,,,30,20,30,20,20,20,10,30,40,40,70,50,other
pogo water slide,USD,20,350%,29%,High,100,0.40,1.89,,,,,,70,10,10,10,10,10,10,10,20,20,50,90,other
blow up axe throwing,USD,70,0%,0%,High,100,0.89,5.49,,,,,,70,70,70,110,50,30,20,30,50,70,70,70,other
adult size water slides,USD,110,182%,23%,High,100,0.21,1.55,,,,,,260,70,20,10,10,10,10,20,140,170,260,480,other
small jumpers for sale,USD,10,0%,0%,High,100,,,,,,,,10,20,10,10,20,10,20,10,10,10,10,10,secondary
bounce water,USD,70,100%,-33%,High,98,0.29,1.95,,,,,,140,90,70,40,40,40,50,50,90,70,70,140,other
blow up jumping castle water slide,USD,10,0%,0%,High,100,,,,,,,,10,10,10,0,10,0,10,10,10,10,10,10,other
small indoor bounce house rental,USD,10,0%,0%,High,74,1.29,2.04,,,,,,10,10,10,10,10,10,30,20,10,10,10,10,deprioritize_rental
party bouncers,USD,140,-36%,-36%,High,100,0.91,3.12,,,,,,140,110,170,210,110,70,90,140,110,140,170,90,other
bouncehouses for sale,USD,720,14%,0%,High,100,0.23,1.25,,,,,,720,720,720,720,590,480,590,720,880,880,1000,1000,secondary
inflatable rental business,USD,140,27%,27%,Low,10,0.22,2.16,,,,,,170,210,210,90,70,70,140,90,140,110,140,140,deprioritize_rental
cool bounce houses,USD,70,-22%,-22%,High,100,0.40,1.46,,,,,,90,110,70,50,50,30,70,70,90,90,110,70,other
water slide bouncer,USD,390,108%,-23%,High,100,0.38,1.78,,,,,,880,390,140,70,50,40,70,140,480,480,880,1000,other
halloween bounce houses,USD,1300,50%,-19%,High,100,0.47,1.87,,,,,,1300,2400,5400,4400,260,110,170,90,210,320,390,480,other
small jumpy house,USD,3600,0%,-18%,High,100,0.16,1.07,,,,,,3600,3600,3600,3600,3600,2900,2900,2900,3600,3600,4400,3600,other
commercial wet dry bounce house,USD,10,100%,-33%,High,100,0.55,2.03,,,,,,30,20,10,10,10,10,0,10,20,10,20,20,primary
cheap water bounce house rentals,USD,10,100%,-60%,High,82,0.70,1.91,,,,,,30,10,10,10,10,0,0,10,10,10,10,20,deprioritize_rental
bounce houses nearby,USD,1300,0%,-32%,High,100,0.53,2.30,,,,,,1900,1600,1300,1300,880,880,880,880,1600,1300,1600,1300,other
princess inflatable,USD,110,21%,89%,High,99,0.32,1.49,,,,,,110,140,170,140,140,90,50,110,110,140,110,170,other
water inflatable bounce house,USD,590,82%,-16%,High,100,0.39,1.75,,,,,,1300,880,140,90,90,70,110,210,720,880,1300,1600,other
giant blow up slide,USD,110,50%,-19%,High,100,0.34,1.80,,,,,,170,140,70,50,70,40,40,70,110,140,170,210,other
house bounce,USD,2400,0%,0%,Low,21,0.99,2.25,,,,,,2400,2400,2400,2400,2400,2400,2900,2400,2900,2400,2400,2400,other
buy large inflatable water slides,USD,10,0%,-50%,High,100,0.38,1.84,,,,,,20,10,10,10,10,0,10,0,10,10,20,10,secondary
orange bounce house,USD,110,21%,55%,High,99,0.69,2.69,,,,,,110,110,170,90,90,70,90,90,140,140,170,170,other
commercial wet dry combo bounce house,USD,10,0%,0%,High,100,,,,,,,,20,10,10,10,10,10,10,20,10,10,20,10,primary
inflatable bounce house business,USD,20,-50%,-80%,High,90,0.19,1.66,,,,,,30,20,10,10,10,10,10,20,20,20,20,10,other
bouncy slides for rent near me,USD,10,0%,0%,Medium,56,0.29,2.03,,,,,,10,10,10,10,0,10,0,10,10,10,10,10,deprioritize_rental
waterslide commercial,USD,2900,125%,0%,High,100,0.32,1.96,,,,,,5400,2400,1300,590,390,390,590,1000,2900,3600,5400,8100,primary
slide jumpers for rent near me,USD,10,0%,0%,High,100,,,,,,,,10,10,10,10,10,0,0,10,10,10,10,10,deprioritize_rental
giant waterslide for sale,USD,10,200%,0%,High,100,0.21,1.50,,,,,,20,10,10,10,10,0,10,10,20,10,20,30,secondary
water slides and bounce houses for sale,USD,10,0%,0%,High,100,0.23,0.78,,,,,,20,10,10,10,10,0,10,10,10,20,10,20,secondary
big moon bounce,USD,40,40%,-22%,High,99,0.44,1.76,,,,,,50,50,40,30,20,10,20,20,30,50,50,70,other
wholesale bounce house in california,USD,10,0%,0%,High,100,,,,,,,,10,10,10,10,0,0,10,10,10,10,10,10,primary
3 in 1 bounce house,USD,30,-33%,-50%,High,100,,,,,,,,30,20,30,40,30,30,10,20,30,30,20,20,other
bounce house to buy near me,USD,50,-43%,-20%,High,100,0.25,1.25,,,,,,50,50,50,50,30,20,30,20,50,70,70,40,secondary
large inflatable bounce house for sale,USD,10,0%,-67%,High,100,,,,,,,,10,10,10,10,10,10,10,10,10,10,10,10,secondary
jumping castle wholesale,USD,10,0%,0%,High,67,,,,,,,,10,10,10,10,10,10,10,0,10,10,10,10,primary
party slide rentals near me,USD,40,80%,-18%,High,89,0.80,2.01,,,,,,90,40,30,20,10,10,10,10,20,50,70,90,deprioritize_rental
bounce house water slide near me,USD,70,133%,-19%,High,94,0.71,2.17,,,,,,260,90,30,20,10,10,10,10,40,90,140,210,deprioritize_rental
moon bounce wholesale,USD,10,-50%,-67%,High,100,0.62,3.45,,,,,,10,10,10,10,10,10,10,10,20,20,20,10,primary
party bounce,USD,590,0%,-18%,Medium,64,0.88,3.42,,,,,,590,590,590,590,480,480,590,480,480,590,590,590,other
best commercial bounce house manufacturer,USD,10,0%,0%,High,100,0.72,1.61,,,,,,10,10,10,10,10,10,10,10,10,10,10,10,primary
adult size inflatable water slide,USD,110,357%,-68%,High,100,0.24,1.49,,,,,,720,30,10,10,10,10,10,20,90,70,170,320,other
all white inflatable bounce house,USD,10,0%,-50%,High,100,0.27,1.68,,,,,,10,20,10,10,10,10,10,10,10,10,10,10,other
fun inflatable rentals,USD,90,0%,0%,Low,15,0.46,1.77,,,,,,140,90,70,90,50,40,70,70,110,90,110,90,deprioritize_rental
bounce house startup,USD,10,0%,0%,High,100,,,,,,,,10,10,10,0,10,10,10,10,10,10,10,10,other
inflatable rental prices,USD,20,-33%,-33%,Medium,53,0.83,1.75,,,,,,20,30,10,20,20,10,10,10,20,30,20,20,deprioritize_rental
bounce house roller,USD,70,27%,56%,Low,23,0.34,1.22,,,,,,110,110,50,70,40,40,30,40,90,110,70,140,other
bounce house alternative,USD,90,0%,-18%,High,100,0.66,2.31,,,,,,90,90,110,110,70,40,70,70,50,90,140,90,other
industrial water slides for sale,USD,50,91%,50%,High,100,0.30,1.92,,,,,,110,50,20,10,10,10,10,10,70,110,90,210,secondary
13x13 commercial bounce house,USD,10,0%,-33%,High,100,0.53,2.34,,,,,,20,10,10,20,10,10,20,10,20,20,20,20,primary
backyard inflatable,USD,390,50%,0%,High,100,0.34,1.45,,,,,,590,320,260,260,260,170,210,170,480,480,590,720,other
blow up fun house,USD,20,0%,200%,High,100,0.55,2.07,,,,,,10,20,40,30,20,10,20,10,30,30,40,30,other
high quality bounce house,USD,50,-20%,0%,High,100,0.35,1.47,,,,,,90,140,70,40,50,30,20,20,70,50,50,40,other
professional inflatables,USD,210,50%,22%,Low,26,0.59,2.75,,,,,,210,210,210,140,110,50,90,90,210,260,320,390,other
blow up house rental near me,USD,20,-50%,-67%,High,70,0.69,1.79,,,,,,30,40,10,10,10,10,10,10,20,20,30,10,deprioritize_rental
bounce jumper,USD,110,-35%,-21%,High,100,0.39,1.93,,,,,,140,110,90,140,110,70,110,110,140,170,140,110,other
skid loader bounce house,USD,140,27%,-18%,High,84,0.51,1.74,,,,,,140,210,170,170,90,50,90,110,140,110,170,140,other
bounce house business packages,USD,10,0%,0%,Low,0,,,,,,,,10,10,10,10,10,10,10,10,10,10,10,10,other
professional water slide,USD,50,120%,22%,High,100,0.27,1.86,,,,,,110,50,30,10,10,10,10,20,40,50,110,110,other
local bounce house,USD,30,67%,0%,High,90,1.01,3.61,,,,,,30,30,50,20,30,10,30,20,40,30,30,50,other
moonwalks for sale in houston,USD,10,-50%,0%,High,100,,,,,,,,10,10,10,10,10,10,10,10,20,20,10,10,secondary
bounce house with water slide rental near me,USD,20,133%,75%,High,76,0.73,2.08,,,,,,40,70,10,10,0,0,10,10,20,30,30,70,deprioritize_rental
best bounce house to purchase,USD,10,∞,0%,High,100,,,,,,,,10,10,10,10,10,10,10,10,10,0,10,10,other
party jump house,USD,70,-22%,0%,High,93,0.73,2.22,,,,,,70,90,90,70,70,50,70,70,90,90,70,70,other
epic bounce house,USD,50,0%,-81%,Medium,66,,,,,,,,70,70,70,40,50,20,30,40,90,40,50,40,other
outdoor bouncer,USD,70,0%,29%,High,100,0.28,1.37,,,,,,90,40,40,30,40,50,50,30,70,90,90,90,other
dual inflatable water slide,USD,50,143%,-19%,High,100,0.39,1.78,,,,,,140,50,10,10,10,10,10,10,40,70,140,170,other
unicorn bouncy castle rental,USD,10,∞,0%,High,71,,,,,,,,10,10,0,0,0,0,0,0,10,0,10,10,deprioritize_rental
carousel bounce house,USD,70,0%,29%,High,92,0.78,2.00,,,,,,50,70,70,50,50,40,40,50,50,90,70,90,other
commercial bounce house combo,USD,40,80%,-18%,High,98,0.59,2.03,,,,,,50,50,40,20,10,10,40,40,40,50,30,90,primary
blow up toys for rent,USD,20,100%,-33%,Medium,58,0.56,1.79,,,,,,50,30,10,10,10,10,10,10,10,10,20,20,deprioritize_rental
10x10 bounce house for sale,USD,40,125%,125%,High,100,0.28,1.17,,,,,,20,40,20,50,70,20,20,30,30,40,70,90,secondary
party jumping castle,USD,10,-50%,0%,High,87,0.12,1.24,,,,,,10,20,10,10,10,10,20,20,10,20,10,10,other
inflatable entertainment,USD,50,33%,33%,High,100,0.46,1.79,,,,,,50,50,110,40,50,30,30,30,30,30,50,40,other
jumpy water slide,USD,40,175%,-21%,High,100,0.50,1.91,,,,,,110,50,20,10,10,10,10,10,30,40,90,110,other
blow up obstacle course for sale,USD,390,-19%,-19%,High,100,0.33,2.25,,,,,,880,390,390,320,260,170,260,320,480,480,480,390,secondary
blow up bouncer,USD,590,-33%,-19%,High,99,0.28,2.09,,,,,,720,720,880,720,390,590,480,390,590,720,590,480,other
bouncy castle rental prices,USD,70,-29%,-44%,Medium,51,0.54,1.79,,,,,,50,70,70,70,30,30,30,40,110,70,140,50,deprioritize_rental
blow ups for rent near me,USD,10,0%,0%,Medium,57,0.97,4.50,,,,,,10,10,10,10,10,10,10,10,10,10,20,10,deprioritize_rental
small indoor inflatable bounce house,USD,20,0%,0%,High,100,0.09,0.26,,,,,,20,10,20,40,30,40,20,10,20,10,10,10,other
airplane bounce house rentals,USD,10,0%,∞,High,71,,,,,,,,0,0,10,10,0,0,10,0,10,10,10,10,deprioritize_rental
unicorn bounce house for sale,USD,20,100%,0%,High,100,0.28,1.68,,,,,,40,20,30,20,10,10,10,10,10,10,20,20,secondary
buy used bounce house,USD,590,-18%,-28%,High,100,0.13,0.96,,,,,,880,720,720,590,390,390,320,480,720,880,880,720,secondary
best small bounce house,USD,10,0%,0%,High,100,0.52,1.47,,,,,,20,10,10,10,10,10,20,10,10,10,20,10,other
waterslide buy,USD,40,22%,57%,High,98,0.20,1.00,,,,,,70,20,10,10,10,10,10,10,40,90,70,110,other
cheap water bounce houses,USD,50,240%,-35%,High,100,0.22,1.67,,,,,,110,70,20,10,10,10,10,10,70,50,140,170,other
water bouncy castle for adults,USD,10,0%,-80%,High,100,0.42,1.17,,,,,,10,10,10,0,0,0,10,0,10,10,20,10,other
western bounce house,USD,70,0%,-29%,High,100,0.65,2.35,,,,,,70,110,90,70,70,30,70,70,90,50,70,50,other
buy large bouncy castle,USD,20,0%,-60%,High,94,0.28,1.69,,,,,,30,20,10,10,10,10,10,10,10,20,30,20,secondary
buying a bounce house business,USD,10,0%,-100%,Unknown,,,,,,,,,0,0,10,0,10,0,0,0,0,0,10,0,other
big inflatable water slides for sale,USD,90,55%,-35%,High,100,0.27,1.09,,,,,,210,140,40,20,10,20,10,30,70,110,140,170,secondary
bounce house wholesale commercial,USD,90,29%,29%,High,100,0.45,2.69,,,,,,70,70,260,90,90,70,30,40,90,70,70,90,primary
small water slide bounce house,USD,50,100%,-18%,High,99,0.29,1.66,,,,,,90,70,30,10,10,10,20,10,50,70,110,140,other
bounce house wholesale los angeles,USD,10,0%,0%,High,91,,,,,,,,10,10,10,10,10,0,10,0,10,10,10,10,primary
wholesale water slides for sale,USD,10,-33%,-50%,High,100,0.38,3.34,,,,,,10,10,10,10,10,0,10,10,20,30,30,20,primary
moonwalk wholesale,USD,10,0%,-67%,High,83,,,,,,,,10,10,10,10,10,10,10,10,40,10,20,10,primary
bounce house for sale los angeles,USD,30,0%,-20%,High,100,0.32,1.32,,,,,,40,20,20,20,30,20,20,20,40,40,40,40,secondary
slide near me,USD,4400,0%,23%,High,98,0.29,1.53,,,,,,5400,5400,3600,3600,3600,4400,4400,3600,4400,5400,5400,5400,deprioritize_rental
balloon slide rentals,USD,10,0%,0%,High,67,,,,,,,,10,10,10,0,10,0,10,10,10,10,10,10,deprioritize_rental
play bounce house,USD,140,-64%,0%,High,99,0.26,2.26,,,,,,90,110,90,90,90,70,70,70,90,390,170,140,other
bounce house weight limit,USD,210,23%,-18%,Medium,45,0.14,1.15,,,,,,320,260,260,260,170,110,110,140,260,260,320,320,other
kiddie bounce house,USD,40,75%,0%,High,100,0.24,1.78,,,,,,50,50,30,20,20,20,20,20,40,40,50,70,other
inflatable water bouncy castle,USD,10,0%,0%,High,100,,,,,,,,10,10,10,10,0,0,10,10,10,10,10,10,other
bounce house and chair rental,USD,10,0%,0%,Medium,60,0.73,2.12,,,,,,10,10,20,10,30,10,10,20,20,10,10,10,deprioritize_rental
jumper water slide rentals near me,USD,170,414%,85%,Medium,60,0.60,2.01,,,,,,390,170,50,10,10,10,10,10,140,140,260,720,deprioritize_rental
bouncy castle waterslide,USD,10,100%,100%,High,100,0.48,1.11,,,,,,20,10,10,10,10,10,10,10,10,10,10,20,other
large waterslide for sale,USD,30,67%,-55%,High,99,0.24,1.12,,,,,,90,50,10,10,10,10,10,10,30,30,30,50,secondary
bounce for adults,USD,90,-22%,-36%,High,72,0.42,1.09,,,,,,140,90,90,110,110,140,110,90,70,90,110,70,other
jumping castle and water slide,USD,90,91%,0%,High,89,0.42,1.84,,,,,,170,90,70,20,10,10,10,20,140,110,170,210,other
inflatable slide adults,USD,10,300%,0%,High,100,0.24,1.76,,,,,,30,10,10,10,10,10,10,10,20,10,30,40,other
commercial bounce house slide combo,USD,20,-33%,0%,High,100,0.88,2.66,,,,,,20,20,20,10,10,10,10,20,20,30,20,20,primary
skid steer bounce house,USD,140,27%,-18%,High,84,0.51,1.74,,,,,,140,210,170,170,90,50,90,110,140,110,170,140,other
rental bouncers near me,USD,10,-100%,-100%,Unknown,,,,,,,,,0,0,10,0,0,0,10,0,10,10,0,0,deprioritize_rental
inflatable toys rental,USD,20,0%,-33%,High,96,0.82,1.82,,,,,,20,30,20,10,10,10,10,10,10,20,10,20,deprioritize_rental
inflatable water slide blower,USD,390,129%,-94%,High,100,0.21,0.77,,,,,,1900,880,480,50,10,20,40,50,170,210,590,480,other
big bounce house with water slide,USD,30,133%,40%,High,100,0.41,1.98,,,,,,50,50,20,10,10,10,10,10,10,30,50,70,other
bounce house slide combo for sale,USD,30,-20%,100%,High,100,0.34,1.92,,,,,,20,30,20,30,20,10,20,30,50,50,50,40,secondary
industrial jumping castle,USD,10,0%,0%,High,100,0.16,0.61,,,,,,10,10,10,10,10,10,10,10,10,10,10,10,other
themed bounce house rentals,USD,1300,0%,0%,High,68,0.75,1.90,,,,,,10,9900,6600,20,10,10,30,10,40,10,10,10,deprioritize_rental
commercial inflatable playground,USD,10,0%,0%,High,67,,,,,,,,10,10,10,10,10,10,10,10,10,10,10,10,primary
self inflating bounce house,USD,70,0%,75%,High,100,0.26,0.97,,,,,,70,50,50,70,170,110,70,50,70,70,50,70,other
giant water bounce house,USD,40,200%,-18%,High,100,0.37,1.65,,,,,,70,40,30,10,10,10,10,10,30,30,90,90,other
bouncy castle slides,USD,390,0%,-34%,High,100,0.40,1.70,,,,,,480,480,480,320,210,210,210,170,390,390,390,390,other
commercial castle bounce house,USD,10,0%,0%,High,100,0.50,1.50,,,,,,20,20,30,10,10,10,10,10,10,20,20,20,primary
blow up playhouse,USD,480,23%,0%,High,99,0.30,1.81,,,,,,480,390,390,390,390,480,390,390,390,480,480,590,other
bounce house wholesale near me,USD,30,33%,100%,High,100,0.29,2.31,,,,,,20,10,10,30,30,20,20,30,50,30,30,40,primary
blow up bounce house rental near me,USD,30,67%,25%,Medium,48,0.69,2.41,,,,,,40,50,40,40,10,10,20,10,40,30,30,50,deprioritize_rental
white jump castle,USD,90,-22%,-50%,High,100,0.25,1.58,,,,,,110,140,90,110,70,50,90,140,140,90,90,70,other
indoor inflatable rental,USD,50,-33%,-33%,High,94,0.52,2.01,,,,,,30,40,50,50,70,50,90,50,70,30,20,20,deprioritize_rental
party rental bounce house near me,USD,40,25%,-29%,High,78,0.69,2.43,,,,,,70,40,50,20,20,20,30,20,70,40,50,50,deprioritize_rental
inflatable supplier,USD,10,0%,0%,High,86,,,,,,,,20,20,20,10,10,20,10,10,10,10,10,10,other
a bouncy castle,USD,30,33%,-20%,High,100,,,,,,,,30,30,30,40,40,30,30,20,30,30,40,40,other
big water bounce house rental,USD,10,0%,-50%,High,91,0.75,1.94,,,,,,30,10,10,10,0,10,10,10,20,20,20,20,deprioritize_rental
rent a bounce house with water slide,USD,10,100%,-33%,Medium,65,0.61,1.93,,,,,,30,10,10,0,0,0,10,10,10,10,10,20,deprioritize_rental
blow up jumpers for sale,USD,210,-19%,21%,High,100,0.21,0.99,,,,,,110,140,140,720,140,140,110,140,210,210,170,170,secondary
titanic inflatable slide,USD,590,0%,-18%,High,70,1.13,2.25,,,,,,720,720,480,590,390,390,390,320,480,590,720,590,other
wet and dry bounce house rentals near me,USD,10,0%,0%,Medium,55,0.72,1.92,,,,,,10,10,10,10,0,0,10,10,10,10,10,10,deprioritize_rental
indoor bounce house for adults,USD,90,-57%,-79%,High,98,0.40,1.36,,,,,,110,140,90,90,110,70,90,70,70,70,50,30,other
giant inflatable water slides,USD,880,173%,26%,High,100,0.29,1.72,,,,,,1900,1000,390,320,210,170,210,260,720,880,1300,2400,other
large moon bounce for sale,USD,10,0%,-50%,High,100,0.28,1.56,,,,,,10,10,10,10,10,10,10,10,10,10,10,10,secondary
inflatables made in usa,USD,10,0%,0%,High,100,,,,,,,,10,10,0,10,10,10,0,0,0,10,10,10,other
combo water slide rentals,USD,20,25%,-71%,High,95,0.81,1.92,,,,,,70,50,10,10,0,10,10,10,20,40,40,50,deprioritize_rental
bounce and slide party rentals,USD,70,80%,-47%,Low,21,0.77,2.54,,,,,,140,170,90,90,40,50,40,50,30,50,70,90,deprioritize_rental
large outdoor bounce house,USD,30,100%,0%,High,100,0.31,1.45,,,,,,30,20,30,20,30,20,20,30,40,20,30,40,other
most popular bounce houses,USD,10,0%,0%,High,100,,,,,,,,10,10,0,10,10,10,10,0,10,10,10,10,other
jumporange bounce house,USD,320,108%,376%,High,100,0.36,1.98,,,,,,170,110,90,110,110,70,110,320,390,480,720,1000,other
bounce house for all ages,USD,20,100%,33%,High,100,0.34,1.55,,,,,,50,20,10,10,10,10,10,10,30,20,30,40,other
unique bounce house,USD,30,67%,0%,High,100,0.36,1.84,,,,,,50,40,50,30,20,20,30,20,50,30,20,50,other
bounce zone inflatables,USD,10,100%,0%,High,100,1.42,3.17,,,,,,10,10,10,10,10,10,10,10,10,10,10,20,other
outdoor inflatable rentals near me,USD,20,100%,0%,High,87,0.76,1.91,,,,,,30,10,10,10,20,10,10,10,20,20,40,40,deprioritize_rental
dry bounce house,USD,40,40%,40%,High,100,0.30,1.45,,,,,,50,40,20,10,20,10,10,20,50,50,70,70,other
used inflatables,USD,70,57%,0%,High,79,0.25,1.24,,,,,,90,90,110,70,70,40,90,50,70,70,70,110,other
moon bounce blower,USD,70,0%,-18%,High,100,0.27,0.98,,,,,,140,70,50,70,50,50,20,50,90,90,70,90,other
adult bounce house water slide,USD,50,180%,-18%,High,100,0.30,1.71,,,,,,110,50,30,10,10,10,20,10,30,50,140,140,other
$100 bounce house rental,USD,10,0%,0%,High,91,0.79,1.90,,,,,,20,10,20,30,10,10,10,10,10,10,20,10,deprioritize_rental
bounce house with tall slide,USD,40,33%,33%,High,100,0.33,1.11,,,,,,40,20,30,40,40,70,30,30,40,30,30,40,other
used inflatable bounce house for sale,USD,20,-50%,0%,High,100,0.17,1.30,,,,,,20,20,20,20,10,10,10,20,50,40,20,20,secondary
inflatable slide manufacturer,USD,10,0%,0%,High,100,1.28,3.61,,,,,,10,20,10,10,10,10,10,10,10,10,10,10,primary
jumper prices,USD,140,-33%,-33%,High,85,0.13,1.34,,,,,,170,140,140,170,140,110,140,140,170,210,170,140,other
bounce house for rent cheap near me,USD,10,-50%,0%,High,87,,,,,,,,10,10,20,10,10,0,10,10,10,20,10,10,deprioritize_rental
blow up slide and bounce house,USD,20,0%,0%,High,100,0.46,1.56,,,,,,10,30,10,10,10,10,10,10,10,30,30,30,other
20ft water slide for sale,USD,30,125%,80%,High,100,0.25,1.30,,,,,,90,70,20,10,10,10,10,10,20,40,50,90,secondary
jumper cost,USD,140,-33%,-33%,High,85,0.13,1.34,,,,,,170,140,140,170,140,110,140,140,170,210,170,140,other
wet and dry bounce house for sale,USD,20,33%,-43%,High,100,0.26,0.88,,,,,,40,20,20,10,10,10,20,20,40,30,40,40,secondary
large inflatable slides for sale,USD,20,100%,100%,High,100,0.27,1.42,,,,,,20,50,10,10,10,10,10,10,20,20,40,40,secondary
best place to buy inflatables,USD,20,0%,-33%,High,100,0.58,1.86,,,,,,20,20,20,20,20,10,10,20,10,20,20,20,secondary
castle water slide,USD,90,133%,0%,High,100,0.44,1.79,,,,,,210,110,30,30,10,20,30,20,70,90,170,210,other
jumping slide,USD,320,23%,0%,High,69,0.42,2.25,,,,,,480,390,320,320,260,210,260,210,260,390,480,480,other
bounce house with a water slide,USD,12100,124%,-18%,High,100,0.38,1.75,,,,,,27100,14800,5400,2400,1900,1900,2900,4400,12100,14800,22200,33100,other
wwe bounce house rental,USD,40,-20%,0%,Medium,38,0.71,1.97,,,,,,70,90,50,20,20,10,40,30,40,50,50,40,deprioritize_rental
blow up slides near me,USD,70,240%,0%,High,100,0.92,2.19,,,,,,210,110,50,30,10,10,10,10,20,50,110,170,deprioritize_rental
inflatables for sale cheap,USD,10,200%,200%,High,94,0.29,3.14,,,,,,10,10,20,10,10,10,10,10,10,10,20,30,secondary
frozen bounce house for sale,USD,20,-67%,-67%,High,100,0.27,0.85,,,,,,20,30,10,20,20,10,20,20,40,30,20,10,secondary
inflatable water house,USD,50,240%,0%,High,100,0.36,1.75,,,,,,110,50,20,10,10,20,20,30,90,50,110,170,other
finance inflatable water slide,USD,10,100%,-33%,High,100,1.37,5.86,,,,,,20,10,10,0,10,0,10,0,10,10,10,20,other
inflatable rides for rent,USD,10,0%,0%,Medium,40,1.50,3.57,,,,,,10,10,10,10,10,10,10,10,10,10,10,10,deprioritize_rental
bouncy waterslide,USD,390,108%,-23%,High,100,0.38,1.78,,,,,,880,390,140,70,50,40,70,140,480,480,880,1000,other
jump house party rentals,USD,260,0%,0%,Low,24,0.60,2.39,,,,,,320,260,260,260,170,140,260,210,390,320,390,320,deprioritize_rental
bounce house in store near me,USD,110,21%,143%,High,100,0.16,0.81,,,,,,70,70,90,70,70,110,90,90,110,140,210,170,deprioritize_rental
wet dry bounce house for sale,USD,20,33%,-43%,High,100,0.26,0.88,,,,,,40,20,20,10,10,10,20,20,40,30,40,40,secondary
water slide inflatable near me,USD,140,182%,23%,High,99,0.79,2.10,,,,,,320,140,30,10,10,10,10,20,140,170,260,480,deprioritize_rental
large inflatable rentals,USD,10,200%,0%,High,87,1.25,2.31,,,,,,10,20,10,10,10,10,10,20,10,10,20,30,deprioritize_rental
commercial bounce house starter packages,USD,10,0%,0%,High,100,,,,,,,,10,10,10,10,10,0,10,10,10,10,10,10,primary
hot pink bounce house,USD,20,100%,0%,High,96,0.59,1.69,,,,,,20,30,10,10,10,10,20,30,20,10,20,20,other
construction blow up bounce house,USD,10,0%,0%,High,67,,,,,,,,10,20,10,10,10,10,10,10,10,10,10,10,other
pink inflatable water slide,USD,90,136%,24%,High,100,0.41,1.60,,,,,,170,70,20,50,20,10,30,40,110,110,170,260,other
inflatable jumping castle water slide,USD,10,0%,-50%,High,100,,,,,,,,20,10,10,10,10,10,10,10,10,10,10,10,other
commercial inflatable slip and slide,USD,30,125%,29%,High,100,0.40,1.66,,,,,,70,30,10,10,10,20,30,20,20,40,70,90,primary
bounce house for sale water slide,USD,20,0%,-33%,High,100,0.25,1.08,,,,,,70,20,10,10,10,10,10,10,10,20,30,20,secondary
commercial bounce slide,USD,10,0%,50%,High,100,0.45,1.82,,,,,,20,20,10,20,10,10,10,10,10,30,20,30,primary
buy large inflatables,USD,10,100%,0%,High,100,0.30,2.68,,,,,,10,10,10,10,10,10,10,10,10,10,10,20,secondary
inflatable jump places,USD,20,0%,-50%,High,90,,,,,,,,10,20,10,20,10,10,20,30,30,10,20,10,other
obstacle jump house,USD,110,-35%,-21%,High,100,0.44,1.85,,,,,,140,140,140,90,140,70,90,110,140,170,170,110,other
water jumping castle for sale,USD,10,0%,0%,High,100,,,,,,,,10,10,10,0,0,10,0,10,10,10,10,10,secondary
places to rent bounce houses near me,USD,70,0%,-36%,Medium,37,0.42,1.69,,,,,,90,110,110,90,30,30,40,40,90,70,70,70,deprioritize_rental
buy a water slide bounce house,USD,10,100%,33%,High,100,0.20,1.06,,,,,,30,20,10,10,0,10,0,10,20,20,20,40,secondary
amazing bounce house,USD,90,0%,-36%,High,72,1.17,2.93,,,,,,140,90,70,90,50,70,90,90,90,90,110,90,other
all about bounce party rentals,USD,10,100%,-60%,Medium,49,0.56,1.50,,,,,,20,20,10,10,10,10,10,10,10,10,10,20,deprioritize_rental
outdoor bounce house water slide,USD,10,0%,-71%,High,100,0.38,1.51,,,,,,40,10,10,10,10,10,10,10,20,20,30,20,other
commercial bounce house manufacturers,USD,40,67%,150%,Medium,48,1.07,5.32,,,,,,20,30,110,30,40,30,20,10,50,30,50,50,primary
indoor inflatable slide,USD,110,0%,0%,High,96,0.31,1.29,,,,,,90,110,90,140,140,140,110,90,70,90,90,90,other
denver bounce house,USD,170,-33%,-46%,High,89,1.01,1.86,,,,,,210,210,170,110,170,140,170,140,210,210,170,140,other
birthday blow up rentals,USD,10,-50%,-50%,High,94,1.31,2.29,,,,,,30,20,10,10,10,10,10,20,10,20,10,10,deprioritize_rental
new jumpers for sale,USD,10,-100%,-100%,Unknown,,,,,,,,,10,10,10,10,10,10,10,10,10,10,10,0,secondary
outdoor inflatable rentals,USD,20,100%,0%,High,94,0.39,1.95,,,,,,50,30,20,10,10,10,10,20,20,20,30,40,deprioritize_rental
18 ft water slide for sale,USD,70,136%,53%,High,100,0.23,1.18,,,,,,110,90,40,10,10,10,10,30,110,110,140,260,secondary
bounce house with slide inside,USD,110,-66%,-35%,High,88,0.53,1.33,,,,,,90,90,90,110,110,70,70,70,170,320,110,110,other
commercial bounce house rental,USD,110,-59%,-22%,High,100,0.44,1.78,,,,,,90,210,170,50,50,140,90,50,110,170,140,70,primary
blow up bouncy castle rental,USD,10,0%,0%,Medium,50,,,,,,,,10,20,0,10,10,0,10,0,10,10,10,10,deprioritize_rental
party jump house rentals,USD,260,0%,0%,Low,24,0.60,2.39,,,,,,320,260,260,260,170,140,260,210,390,320,390,320,deprioritize_rental
character bounce house,USD,40,-43%,33%,High,100,0.42,1.89,,,,,,40,40,40,30,30,20,20,50,50,70,50,40,other
water bounce house rental for adults,USD,10,100%,-20%,High,72,0.84,2.22,,,,,,40,10,10,10,0,10,10,10,10,20,30,40,deprioritize_rental
digger bounce house,USD,10,0%,-67%,Medium,51,0.66,2.45,,,,,,30,20,10,10,10,10,10,10,10,10,10,10,other
inflatable water slide castle,USD,10,0%,-25%,High,97,0.44,1.80,,,,,,20,30,10,10,10,10,0,10,10,30,40,30,other
commercial inflatable water slides clearance,USD,10,0%,0%,High,100,,,,,,,,10,10,10,0,10,10,10,10,10,10,10,10,primary
inflatable water park to buy,USD,390,50%,-34%,High,100,0.30,1.96,,,,,,2900,390,140,40,70,90,70,70,210,260,260,390,other
water obstacle course bounce house,USD,20,50%,-57%,High,100,0.73,1.98,,,,,,50,20,20,10,10,10,10,10,30,20,30,30,other
jumping rentals for parties,USD,210,0%,-19%,Medium,42,0.74,3.28,,,,,,260,260,210,140,170,70,110,140,210,260,320,260,deprioritize_rental
jumper business,USD,30,-40%,-25%,Medium,44,,,,,,,,40,30,20,30,20,30,30,40,50,50,20,30,other
jumpy slide rental,USD,10,0%,-50%,High,100,1.13,2.01,,,,,,20,10,10,10,10,10,10,10,10,10,10,10,deprioritize_rental
best bounce house manufacturer,USD,10,0%,0%,High,100,,,,,,,,10,10,10,10,10,10,10,10,10,10,10,10,primary
commercial water slide for pool,USD,20,100%,-20%,High,100,0.41,1.56,,,,,,30,20,10,20,10,10,10,10,20,20,30,40,primary
the best bounce house to buy,USD,10,0%,0%,High,100,0.46,1.05,,,,,,10,10,10,10,10,10,10,10,10,10,10,10,other
unicorn bounce house water slide,USD,20,300%,-43%,High,100,0.67,2.96,,,,,,50,30,10,10,10,10,10,10,10,10,40,40,other
best bounce houses for sale,USD,70,-44%,-55%,High,100,0.43,1.41,,,,,,70,90,110,70,70,30,30,50,70,90,70,50,secondary
commercial inflatable obstacle course for sale,USD,20,-33%,100%,High,100,0.87,2.86,,,,,,10,20,30,30,10,10,20,20,30,30,30,20,primary
bounce house wholesale china,USD,10,0%,0%,High,100,,,,,,,,10,10,10,10,10,0,10,10,10,10,10,10,primary
bounce house water slide combo rentals near me,USD,10,100%,0%,Low,28,0.62,2.15,,,,,,50,10,10,0,0,10,0,10,10,10,10,20,deprioritize_rental
moon walk usa,USD,1000,23%,-16%,High,100,0.03,2.31,,,,,,1300,1000,880,720,590,390,720,720,1000,1300,1600,1600,other
affordable bounce,USD,1000,0%,-19%,Low,26,1.21,1.73,,,,,,1300,1000,1000,1000,720,590,590,720,1300,1300,1300,1300,other
commercial inflatables packages,USD,10,100%,0%,High,100,0.70,16.77,,,,,,20,10,10,10,10,10,10,10,20,10,10,20,primary
pink bounce house with slide,USD,170,0%,24%,High,99,0.33,1.62,,,,,,170,170,170,140,110,50,110,170,260,210,260,210,other
jumpers for adults,USD,320,0%,-33%,High,80,0.23,1.25,,,,,,480,390,390,390,320,320,320,260,320,320,390,320,other
inflatable bounce house obstacle course,USD,50,-43%,-43%,High,100,0.41,2.01,,,,,,50,40,40,50,50,30,50,30,90,70,90,40,other
inflatable slide rental cost,USD,10,100%,0%,Medium,43,0.82,1.92,,,,,,10,20,10,10,10,10,10,10,10,10,20,20,deprioritize_rental
water slide combo rentals near me,USD,10,400%,25%,High,69,0.76,2.05,,,,,,20,50,10,10,10,0,0,10,10,10,10,50,deprioritize_rental
blow up inflatable water slide,USD,40,180%,27%,High,100,0.37,1.60,,,,,,70,40,10,10,10,0,10,10,20,50,70,140,other
outdoor inflatable playground,USD,40,0%,0%,High,100,0.33,1.30,,,,,,30,40,30,20,30,30,30,20,70,50,40,50,other
all black bounce house,USD,20,0%,0%,High,100,0.27,1.92,,,,,,30,30,20,30,10,10,20,20,20,20,20,20,other
bouncy castle usa,USD,30,0%,0%,High,94,,,,,,,,10,10,10,10,170,50,10,0,10,10,10,10,other
jump house rental atlanta,USD,590,-33%,-55%,High,98,1.23,2.73,,,,,,880,720,720,720,320,260,390,480,880,880,880,590,deprioritize_rental
optical course bounce house,USD,10,0%,0%,High,93,0.26,4.32,,,,,,10,20,30,10,10,10,10,10,10,20,10,20,other
wet bounce house for sale,USD,10,200%,-40%,High,100,0.34,1.57,,,,,,20,20,0,10,10,10,10,10,10,10,20,30,secondary
bounce house manufacturers in texas,USD,10,0%,-50%,Medium,62,0.37,2.99,,,,,,10,10,20,10,10,10,10,10,10,10,0,10,primary
jumpy house water slide rental,USD,10,100%,-50%,High,93,0.56,1.90,,,,,,10,10,10,0,0,0,0,0,10,10,20,20,deprioritize_rental
buy bounce house for adults,USD,10,0%,0%,High,100,,,,,,,,10,10,10,10,10,10,10,10,10,10,10,10,secondary
commercial inflatables for sale near me,USD,10,100%,-50%,High,99,0.38,2.27,,,,,,10,10,20,10,10,10,10,10,20,10,30,20,primary
firefighter bounce house,USD,50,25%,25%,High,96,0.87,2.07,,,,,,50,90,70,70,30,40,30,10,50,40,40,50,other
water slide bounce house combo rental,USD,10,67%,25%,High,97,1.00,3.27,,,,,,20,10,10,0,0,10,10,10,10,30,30,50,deprioritize_rental
cheap commercial bounce houses,USD,10,0%,0%,High,100,,,,,,,,10,0,0,10,10,10,10,0,10,10,10,10,primary
birthday inflatable rentals near me,USD,10,0%,0%,High,96,0.88,2.11,,,,,,10,10,10,10,10,10,10,10,10,10,10,10,deprioritize_rental
commercial jumping balloons for sale,USD,10,0%,0%,High,100,,,,,,,,10,10,0,10,10,10,0,10,10,10,10,10,primary
19 ft inflatable water slide,USD,30,67%,-44%,High,100,0.37,1.65,,,,,,90,50,20,20,10,10,10,10,10,30,40,50,other
financing bounce houses,USD,10,0%,0%,High,86,,,,,,,,0,10,10,10,0,0,10,0,10,10,10,10,other
giant jumping castle,USD,10,0%,0%,High,75,,,,,,,,10,10,10,10,10,10,10,10,10,10,10,10,other
inflatable jump house rental near me,USD,20,0%,-25%,Medium,66,0.59,2.00,,,,,,30,20,30,20,20,10,10,10,30,30,10,30,deprioritize_rental
inflatable rides,USD,90,-36%,-36%,High,88,0.61,1.65,,,,,,140,170,90,140,70,50,70,50,70,140,110,90,other
bounce house games rental,USD,10,0%,0%,High,71,,,,,,,,10,10,10,10,0,0,10,10,10,10,10,10,deprioritize_rental
my bounce house,USD,20,100%,-50%,High,81,1.81,3.77,,,,,,40,30,50,20,30,10,20,10,20,10,20,20,other
buy bouncy castle with slide,USD,10,∞,∞,High,100,,,,,,,,10,0,0,10,0,0,10,10,0,0,10,10,secondary
ultimate bounce house,USD,90,27%,-33%,High,82,0.62,2.30,,,,,,110,110,90,90,40,50,70,70,90,110,110,140,other
tropical bounce house with slide,USD,20,100%,-50%,High,100,0.26,1.66,,,,,,40,30,30,20,20,10,10,10,30,10,20,20,other
inflatable slide blower,USD,50,29%,-36%,High,100,0.30,1.27,,,,,,110,50,40,20,10,20,10,10,40,70,70,90,other
bounce house manufacturers in florida,USD,10,0%,0%,High,93,0.93,2.57,,,,,,0,10,10,10,10,10,0,0,10,10,10,10,primary
bouncy castle prices,USD,40,0%,0%,High,100,0.23,1.00,,,,,,70,30,30,40,30,30,30,30,40,50,70,50,other
inflatables san antonio,USD,50,-56%,0%,High,86,0.69,1.93,,,,,,40,40,30,20,50,40,40,30,110,90,70,40,other
bounce house rental rates,USD,1000,-23%,-23%,Medium,49,0.65,1.85,,,,,,1000,1300,1000,1000,720,480,720,720,1000,1300,1300,1000,deprioritize_rental
big bounce inflatables,USD,110,55%,21%,Medium,59,0.49,3.08,,,,,,170,140,110,70,70,70,40,70,90,110,170,170,other
white moonbounce,USD,90,-18%,-36%,High,100,0.33,1.98,,,,,,110,110,140,70,50,50,70,70,90,110,90,90,other
spiderman inflatable bounce house,USD,50,-22%,40%,High,98,0.43,1.59,,,,,,40,40,40,40,50,40,50,50,70,90,90,70,other
inflatable bounce obstacle course,USD,20,0%,-33%,High,100,0.41,3.40,,,,,,20,20,30,20,20,10,10,10,10,20,20,20,other
best deals on bounce houses,USD,10,0%,-50%,High,100,,,,,,,,20,10,10,10,10,0,10,10,10,10,10,10,other
bounce house buy online,USD,40,0%,600%,High,100,0.34,2.09,,,,,,10,30,20,40,20,10,20,20,50,70,70,70,secondary
huge bounce house for rent,USD,260,0%,-18%,High,85,0.51,1.79,,,,,,260,320,260,260,140,90,170,170,260,320,390,320,deprioritize_rental
5 in 1 inflatable bounce house,USD,10,0%,-50%,High,100,,,,,,,,10,10,10,10,20,10,10,10,10,10,10,10,other
inflatable package deals,USD,10,100%,100%,High,100,0.59,2.21,,,,,,20,30,10,10,10,10,10,10,30,10,20,20,other
unicorn water slide bounce house,USD,10,100%,-33%,High,89,0.74,3.05,,,,,,30,30,10,0,10,0,10,10,10,10,10,20,other
rent unicorn bounce house,USD,10,0%,0%,High,100,1.56,3.80,,,,,,10,10,10,10,10,10,10,10,10,10,10,10,deprioritize_rental
bouncy house bouncy house,USD,30,50%,0%,High,100,0.53,2.82,,,,,,20,40,30,20,10,20,30,20,20,20,30,30,other
jumpy house with water slide,USD,20,50%,-40%,High,100,0.41,1.91,,,,,,70,30,10,10,10,10,10,10,20,20,20,30,other
wholesale commercial bounce houses for sale,USD,10,-50%,0%,High,100,0.64,2.74,,,,,,10,10,0,10,0,10,10,0,10,20,10,10,primary
small inflatable jump house,USD,10,0%,0%,High,100,0.19,1.67,,,,,,10,10,10,10,20,10,10,10,10,10,10,10,other
castle bounce,USD,90,-20%,-20%,High,81,0.94,3.56,,,,,,390,170,90,50,140,20,40,40,50,50,70,40,other
giant inflatable slides,USD,320,51%,23%,High,100,0.30,1.84,,,,,,480,320,320,260,140,110,140,170,260,390,480,590,other
commercial size inflatable water slides,USD,10,50%,0%,High,100,0.23,1.95,,,,,,30,10,10,10,10,10,10,10,10,20,20,30,primary
18 ft commercial water slide,USD,20,350%,80%,High,100,0.43,1.98,,,,,,50,30,20,0,0,10,10,10,20,20,40,90,primary
water jumping balloon,USD,50,57%,-35%,High,100,0.46,1.55,,,,,,90,50,30,20,10,20,10,20,70,70,90,110,other
bounce house manufacturers california,USD,10,0%,0%,High,100,,,,,,,,10,10,0,0,10,0,0,10,20,10,10,10,primary
buy a bouncy castle for adults,USD,10,0%,-100%,Unknown,,,,,,,,,10,0,10,0,0,0,10,0,0,0,10,0,secondary
house jumper,USD,140,-21%,0%,Medium,61,0.67,2.86,,,,,,140,140,90,170,140,110,110,90,110,140,140,110,other
inflatable rental company,USD,260,0%,-33%,Low,25,0.94,2.51,,,,,,170,880,720,140,110,40,50,70,170,140,320,140,deprioritize_rental
bounce bounce rentals,USD,1900,0%,-17%,Medium,63,0.73,2.28,,,,,,2900,2400,2400,1900,1300,880,1000,1300,1900,2400,2400,2400,deprioritize_rental
used jumpers for sale,USD,40,-40%,-57%,High,93,0.11,0.92,,,,,,50,30,40,40,50,40,40,50,50,50,50,30,secondary
commercial fun jumps for sale,USD,10,0%,0%,High,100,0.27,0.94,,,,,,10,10,10,10,10,10,0,10,20,10,10,10,primary
party inflatables for adults,USD,30,-20%,-43%,High,100,0.79,1.91,,,,,,50,30,30,10,20,10,30,20,40,50,50,40,other
wholesale jump houses,USD,480,0%,0%,High,100,0.43,2.31,,,,,,480,480,590,320,320,260,390,390,590,590,590,590,primary
air jumpers for sale,USD,10,0%,0%,High,100,0.12,0.69,,,,,,20,10,10,10,10,10,10,10,10,10,10,10,secondary
bounce house made in usa,USD,10,0%,0%,High,100,0.68,2.17,,,,,,10,10,10,10,10,10,10,10,10,10,10,10,other
large moon bounce,USD,10,0%,-67%,High,100,0.39,1.70,,,,,,20,10,10,10,10,10,10,10,20,10,20,10,other
small water bounce house rental,USD,10,300%,0%,High,100,0.83,2.10,,,,,,30,20,10,0,0,0,0,0,10,10,20,40,deprioritize_rental
best indoor bounce house for home,USD,10,-100%,-100%,Unknown,,,,,,,,,10,10,0,10,10,10,10,0,0,10,10,0,other
outdoor blow up bounce house,USD,20,-50%,-75%,High,100,,,,,,,,20,30,20,20,20,10,10,10,20,20,10,10,other
white inflatable jumper,USD,10,0%,0%,High,100,,,,,,,,10,10,10,10,10,10,10,10,10,10,10,10,other
bounce house company for sale,USD,10,100%,-33%,High,94,,,,,,,,20,20,10,10,10,10,10,10,10,10,10,20,secondary
big blow up bounce house,USD,20,-50%,-67%,High,100,0.18,0.38,,,,,,30,20,30,30,10,10,10,10,10,20,20,10,other
bounce house brands,USD,30,-33%,-50%,High,100,0.37,1.21,,,,,,20,30,30,30,30,30,20,10,30,30,30,20,other
commercial inflatables made in the usa,USD,20,100%,-33%,Low,7,,,,,,,,10,40,90,30,30,20,10,10,20,10,10,20,primary
inflatable obstacle course adults,USD,10,0%,0%,High,80,0.51,1.97,,,,,,20,10,10,20,10,10,10,20,10,20,20,20,other
outdoor inflatable house,USD,10,100%,100%,High,100,0.19,1.83,,,,,,10,10,10,20,10,20,10,10,10,10,10,20,other
party inflatables for rent,USD,1600,0%,-34%,Medium,66,0.81,2.10,,,,,,2900,2400,1900,1600,1000,720,1000,1000,1600,1900,1900,1900,deprioritize_rental
indoor bounce house with blower,USD,30,0%,-50%,High,100,,,,,,,,20,10,10,20,70,50,40,30,20,10,30,10,other
bounce house unicorn,USD,30,0%,0%,High,94,0.65,2.11,,,,,,30,30,50,20,20,30,30,10,30,30,30,30,other
buy inflatable jumping castle,USD,10,0%,0%,High,100,,,,,,,,10,10,10,10,0,10,10,0,0,10,10,10,secondary
rent water bouncy castle,USD,10,∞,0%,High,89,,,,,,,,10,10,10,0,10,0,0,10,10,0,10,10,deprioritize_rental
blow up fun house rentals,USD,10,0%,-75%,Medium,43,,,,,,,,10,10,10,10,10,10,10,10,10,10,10,10,deprioritize_rental
full size bounce house for sale,USD,30,25%,400%,High,100,0.26,1.17,,,,,,10,30,10,40,30,20,30,10,30,40,50,50,secondary
bounce house starter packages,USD,10,-50%,∞,High,100,0.31,1.24,,,,,,10,10,10,10,10,10,10,10,20,20,20,10,other
15x15 commercial bounce house for sale,USD,10,0%,-50%,High,100,0.21,2.03,,,,,,10,10,10,10,10,10,10,10,10,10,10,10,primary
water castle rental,USD,10,-50%,-50%,High,87,0.44,1.76,,,,,,20,10,10,10,10,0,10,0,10,20,10,10,deprioritize_rental
black friday deals on bounce houses,USD,50,0%,-100%,Unknown,,,,,,,,,0,10,10,10,590,20,0,0,10,0,10,0,other
fire station bounce house,USD,30,-25%,-40%,High,87,0.76,1.99,,,,,,40,30,30,70,30,10,30,10,20,40,70,30,other
jumper with slide for sale,USD,40,0%,-29%,High,100,0.22,1.01,,,,,,50,30,30,30,30,20,20,30,30,50,70,50,secondary
inflatable website,USD,10,-50%,-50%,High,80,0.78,2.78,,,,,,20,20,10,20,10,10,10,10,10,20,20,10,other
commercial inflatable manufacturers,USD,10,0%,0%,High,94,1.11,4.51,,,,,,10,10,10,10,10,10,10,10,20,10,10,10,primary
bounce house rental places near me,USD,20,0%,0%,Medium,40,0.80,3.14,,,,,,30,30,10,10,10,10,10,10,40,30,50,30,deprioritize_rental
unicorn water slide rental near me,USD,20,150%,0%,High,67,1.02,1.98,,,,,,50,30,10,10,10,10,10,10,30,20,30,50,deprioritize_rental
cost of inflatable bounce house,USD,20,100%,0%,High,98,0.18,0.81,,,,,,30,10,20,20,10,10,10,20,20,10,20,20,other
cheap moon bounce,USD,20,-33%,-60%,High,100,0.35,2.02,,,,,,20,20,30,10,10,10,10,10,20,30,30,20,other
spacewalk bounce house,USD,110,27%,0%,Medium,59,1.11,2.93,,,,,,170,110,90,90,90,50,50,90,140,110,90,140,other
bounce house rules,USD,210,-19%,-46%,High,71,,,,,,,,390,320,260,320,90,70,110,90,210,260,260,210,other
blow up jumping castle rental,USD,10,0%,0%,High,100,,,,,,,,10,10,10,10,10,10,10,0,10,10,10,10,deprioritize_rental
bounce house with 2 slides,USD,30,67%,-29%,High,100,0.28,0.97,,,,,,40,20,30,10,20,20,10,20,30,30,40,50,other
buy giant inflatables,USD,10,100%,0%,High,100,0.30,2.68,,,,,,10,10,10,10,10,10,10,10,10,10,10,20,secondary
inflatable bouncer with slide,USD,90,27%,0%,High,100,0.42,1.87,,,,,,140,110,70,50,50,70,30,40,90,110,140,140,other
childrens bounce house,USD,12100,0%,-18%,High,100,0.24,1.28,,,,,,12100,9900,9900,9900,12100,12100,8100,9900,14800,12100,12100,12100,other
n inflatables,USD,70,-20%,-56%,High,100,0.57,3.41,,,,,,70,50,40,50,90,50,50,70,90,50,70,40,other
big bouncy castle rental,USD,10,0%,0%,Medium,43,,,,,,,,10,10,10,0,0,0,10,0,10,10,10,10,deprioritize_rental
summer bounce house,USD,20,75%,0%,High,100,0.48,1.76,,,,,,30,20,10,10,10,10,10,10,30,40,70,70,other
jumper purchase,USD,10,0%,-50%,High,100,0.11,1.52,,,,,,10,20,10,10,10,10,10,10,10,10,10,10,other
fun jump water slide,USD,40,40%,-22%,High,100,0.35,1.58,,,,,,70,90,20,10,10,10,10,20,70,50,70,70,other
best commercial inflatable water slides,USD,10,100%,-33%,High,100,0.73,3.59,,,,,,10,10,10,0,10,0,10,10,20,10,20,20,primary
big water jumping castle,USD,10,0%,0%,High,100,,,,,,,,10,0,10,0,0,0,0,10,10,10,10,10,other
yard bouncy castle,USD,10,0%,0%,High,100,,,,,,,,10,10,10,0,0,10,0,0,0,10,0,10,other
princess bounce house with slide rental,USD,10,0%,0%,High,87,0.76,3.58,,,,,,10,10,10,10,10,10,10,10,10,10,20,10,deprioritize_rental
bounce house package deals for sale,USD,10,0%,0%,Unknown,,,,,,,,,0,10,10,0,10,0,0,10,0,0,10,0,secondary
cheap water slide bounce house,USD,30,80%,0%,High,100,0.23,1.69,,,,,,70,40,20,10,10,10,10,10,20,50,70,90,other
inflatable rentals near me cheap,USD,40,150%,0%,High,83,0.60,1.99,,,,,,110,40,50,30,20,10,30,30,40,20,50,50,deprioritize_rental
party blow ups,USD,40,0%,67%,High,95,0.60,1.90,,,,,,40,40,30,30,30,20,40,30,70,50,50,50,other
unicorn inflatable water slide,USD,20,250%,75%,High,100,0.39,1.75,,,,,,40,30,10,10,10,10,10,10,10,20,30,70,other
best price bounce house rentals,USD,10,-50%,0%,Medium,52,0.52,1.62,,,,,,10,10,10,10,10,10,10,10,10,20,10,10,deprioritize_rental
interactive bounce house,USD,30,-33%,-33%,High,86,0.90,2.25,,,,,,70,40,30,40,20,10,30,20,30,30,30,20,other
buy water bounce house,USD,10,100%,-33%,High,100,0.32,1.55,,,,,,20,10,0,10,10,0,10,10,10,10,20,20,secondary
party bouncer rentals near me,USD,10,-50%,0%,High,67,,,,,,,,20,20,10,10,10,10,10,10,20,20,10,10,deprioritize_rental
white bouncer for sale,USD,10,0%,0%,High,100,,,,,,,,10,10,10,10,10,10,10,10,10,10,10,10,secondary
clearance bounce house with blower,USD,40,75%,250%,High,100,0.19,0.83,,,,,,50,50,30,30,20,20,40,40,50,40,70,70,other
rent to own bounce house,USD,10,100%,0%,High,100,0.54,2.01,,,,,,10,10,10,10,10,10,10,10,20,10,20,20,deprioritize_rental
jump house business,USD,20,200%,50%,Medium,48,0.30,2.28,,,,,,20,30,10,20,10,10,20,10,20,10,20,30,other
professional water slides for sale,USD,10,100%,100%,High,100,0.31,2.45,,,,,,20,10,10,10,0,0,10,10,10,10,10,20,secondary
white open bounce house,USD,10,-50%,0%,High,100,,,,,,,,10,20,20,20,10,10,10,10,20,20,20,10,other
inflatable moon bounce rental,USD,40,50%,0%,Low,13,,,,,,,,50,50,20,10,90,10,20,140,20,20,20,30,deprioritize_rental
bounce house with water slide and pool,USD,20,133%,40%,High,100,0.39,1.53,,,,,,10,30,10,10,10,10,10,10,30,30,30,70,other
two story bounce house,USD,590,0%,0%,High,99,0.40,1.85,,,,,,590,590,880,880,480,320,390,390,480,720,590,720,other
4 in 1 bounce house,USD,30,33%,0%,High,100,0.55,1.66,,,,,,40,40,30,40,20,10,20,10,20,30,20,40,other
a jumpy house,USD,30,33%,-20%,High,89,1.76,13.37,,,,,,40,20,30,20,20,20,20,30,30,30,30,40,other
bounce jumper rental,USD,30,-50%,-60%,High,86,0.68,2.29,,,,,,40,30,40,30,20,20,20,20,30,40,30,20,deprioritize_rental
bounce house business start up,USD,10,100%,100%,High,94,0.05,2.48,,,,,,10,10,10,10,10,10,10,10,10,10,10,20,other
circus inflatables,USD,70,0%,25%,High,96,0.36,3.16,,,,,,90,90,90,110,40,20,40,40,50,50,50,50,other
25 foot inflatable water slide,USD,10,300%,0%,High,94,0.28,1.86,,,,,,50,10,10,10,10,10,10,10,10,10,20,40,other
online bounce house rental,USD,10,0%,0%,Medium,36,,,,,,,,10,10,10,10,10,10,10,10,10,10,10,10,deprioritize_rental
big jumping castle for sale,USD,10,0%,∞,High,100,,,,,,,,10,10,0,10,10,10,10,10,10,10,10,10,secondary
water bounce house commercial,USD,10,0%,-40%,High,100,0.37,1.31,,,,,,30,10,0,0,10,10,10,10,20,30,40,30,primary
giant inflatable rentals near me,USD,10,0%,0%,Medium,54,0.74,2.03,,,,,,10,10,10,10,10,10,10,10,10,10,10,10,deprioritize_rental
inflatable house rental near me,USD,49500,0%,0%,Medium,62,0.71,2.21,,,,,,60500,60500,60500,49500,22200,27100,33100,33100,60500,60500,74000,60500,deprioritize_rental
cheap commercial inflatables,USD,10,0%,0%,High,100,0.35,1.63,,,,,,10,10,10,10,0,0,10,10,10,10,10,10,primary
water bounce house adults,USD,140,182%,0%,High,100,0.26,1.66,,,,,,210,110,90,40,10,20,30,30,110,170,210,480,other
christmas bounce house for sale,USD,20,0%,0%,High,90,,,,,,,,10,20,30,40,70,50,10,10,10,10,10,10,secondary
heavy duty bounce house for sale,USD,40,0%,-20%,High,100,0.26,1.06,,,,,,70,50,20,40,30,30,30,30,40,40,50,40,secondary
buy a bounce house with slide,USD,70,29%,0%,High,100,0.28,1.32,,,,,,70,90,90,70,20,50,50,50,140,70,70,90,secondary
inflatable bounce house for sale near me,USD,20,0%,-60%,High,100,0.46,1.62,,,,,,50,10,10,10,10,10,10,10,20,20,10,20,secondary
pogo crossover bounce house with slide,USD,10,0%,-100%,Unknown,,,,,,,,,10,0,0,0,10,0,10,0,0,0,0,0,other
bounce house for small yard,USD,20,0%,0%,High,100,0.25,1.14,,,,,,20,30,20,10,10,10,10,10,20,20,30,20,other
big inflatable waterslide,USD,70,91%,50%,High,100,0.26,1.76,,,,,,110,90,10,10,10,10,30,30,70,110,140,210,other
bounce with slide,USD,390,51%,-18%,High,100,0.38,1.70,,,,,,590,480,390,320,210,170,170,210,390,390,590,590,other
water slide jumpy house rentals,USD,10,∞,0%,High,71,,,,,,,,10,10,10,0,0,0,0,0,10,0,0,10,deprioritize_rental
inflatable park for sale,USD,10,0%,-67%,High,79,,,,,,,,10,10,20,10,10,10,70,10,10,10,10,10,secondary
buy inflatable bouncy castle,USD,10,0%,0%,High,100,,,,,,,,10,10,10,10,0,10,10,0,0,10,10,10,secondary
all white jump house,USD,10,0%,0%,High,100,,,,,,,,10,10,10,10,10,10,10,10,10,10,10,10,other
commercial size bounce house for sale,USD,10,0%,0%,High,100,0.27,2.36,,,,,,10,10,10,10,0,10,10,10,10,10,10,10,primary
solid white bounce house,USD,10,0%,0%,High,100,0.29,1.30,,,,,,10,10,10,10,10,10,10,10,10,10,10,10,other
farm themed bounce house,USD,70,80%,29%,High,89,0.52,1.81,,,,,,70,140,110,70,50,70,50,50,70,50,70,90,other
outdoor bounce,USD,50,25%,-29%,High,100,0.44,2.04,,,,,,40,50,50,50,30,50,30,30,50,40,70,50,other
bounce house and pool,USD,720,90%,-34%,High,100,0.32,1.63,,,,,,1600,590,320,170,140,110,210,320,880,1000,1600,1900,other
pumpkin bounce house for sale,USD,20,0%,0%,High,71,,,,,,,,30,30,40,30,10,0,10,0,20,10,20,10,secondary
los angeles jumpers bounce houses and water slides,USD,10,0%,-50%,Low,0,,,,,,,,20,10,10,10,10,10,20,10,10,10,10,10,other
bounce and jump,USD,210,0%,0%,Medium,43,0.89,4.88,,,,,,170,140,210,140,170,170,210,260,260,210,260,210,other
bounce house sales florida,USD,10,0%,-50%,High,98,0.30,2.31,,,,,,10,10,10,10,10,10,10,20,10,10,10,10,other
water slide jumper for adults,USD,70,89%,0%,High,100,0.26,1.50,,,,,,140,70,20,10,20,10,10,20,90,90,70,170,other
2 story bounce house,USD,590,0%,0%,High,99,0.40,1.85,,,,,,590,590,880,880,480,320,390,390,480,720,590,720,other
bounce house slide combo rentals near me,USD,10,-100%,0%,Unknown,,,,,,,,,10,10,10,0,10,0,0,0,0,10,10,0,deprioritize_rental
backyard bouncy castle,USD,10,0%,-50%,High,100,0.29,1.02,,,,,,10,10,10,10,10,10,10,10,10,10,20,10,other
5 in 1 combo bounce house,USD,90,-21%,22%,High,100,0.66,2.28,,,,,,110,170,110,70,50,40,40,50,70,140,90,110,other
bouncy for rent near me,USD,10,0%,-50%,Medium,59,0.99,1.81,,,,,,10,10,20,50,10,10,10,10,10,10,10,10,deprioritize_rental
castle combo bounce house,USD,50,40%,-22%,High,100,0.33,1.61,,,,,,50,50,110,40,50,20,20,20,50,50,70,70,other
inflatable bouncy slide,USD,720,0%,-41%,High,100,0.31,1.80,,,,,,1300,1300,1600,590,590,320,390,390,590,590,590,590,other
discount bounce house rental,USD,30,-75%,-86%,High,83,0.81,2.90,,,,,,40,40,40,50,20,10,10,20,30,40,30,10,deprioritize_rental
15 ft bounce house,USD,10,100%,0%,High,100,0.48,1.62,,,,,,20,20,10,20,10,10,10,10,20,10,20,20,other
slide bounce house for sale,USD,480,23%,-18%,High,100,0.26,1.08,,,,,,720,480,480,390,390,320,320,320,590,480,590,590,secondary
small bounce house with blower,USD,50,0%,-22%,High,100,0.18,0.70,,,,,,70,50,40,50,50,40,50,20,50,70,70,70,other
20 ft bounce house,USD,10,0%,-50%,High,100,0.31,1.80,,,,,,30,30,10,10,10,10,10,10,20,10,10,10,other
bounce house rental cost near me,USD,10,50%,50%,Medium,66,0.82,1.93,,,,,,30,30,10,10,10,10,10,10,20,20,20,30,deprioritize_rental
most expensive bounce house,USD,30,33%,0%,High,100,,,,,,,,30,20,30,40,30,30,10,20,30,30,40,40,other
blow ups near me,USD,90,22%,0%,Medium,40,0.93,2.74,,,,,,70,90,70,90,70,90,50,40,70,90,110,110,deprioritize_rental
jumping castle rental prices,USD,10,0%,0%,High,71,,,,,,,,10,10,10,10,10,10,10,10,10,10,10,10,deprioritize_rental
water slide bounce house commercial,USD,20,0%,-60%,High,100,0.27,1.62,,,,,,50,40,20,10,10,10,10,10,20,20,20,20,primary
buy big bounce house,USD,10,0%,-50%,High,100,0.22,0.84,,,,,,10,10,10,10,10,10,10,10,10,10,10,10,secondary
inflatable financing,USD,10,0%,0%,High,100,1.74,15.00,,,,,,10,0,10,10,0,10,10,10,20,10,10,10,other
giant bounce house obstacle course,USD,10,0%,-67%,High,85,,,,,,,,10,20,20,10,10,20,10,10,10,10,10,10,other
17 ft inflatable water slide,USD,10,100%,-50%,High,100,0.36,2.49,,,,,,20,20,10,10,10,0,0,10,10,10,30,20,other
water jumpy,USD,30,133%,0%,High,100,0.37,1.75,,,,,,50,50,10,10,10,10,10,10,40,30,50,70,other
obstacle water slide,USD,50,100%,0%,High,99,0.38,1.83,,,,,,110,50,10,10,10,10,20,20,50,70,140,140,other
bouncing inflatable,USD,320,23%,0%,High,95,0.68,2.35,,,,,,480,390,320,260,210,210,170,210,320,390,480,480,other
tall water slide bounce house,USD,30,0%,0%,High,69,0.37,1.66,,,,,,40,20,90,20,30,10,10,10,10,30,30,30,other
spiderman water slide bounce house,USD,10,0%,-75%,High,100,,,,,,,,30,10,10,10,0,10,10,10,10,10,10,10,other
9x9 bounce house,USD,30,0%,50%,High,100,0.48,1.73,,,,,,30,20,30,30,20,10,30,40,20,30,30,30,other
giant inflatable water slides for sale,USD,90,143%,55%,High,100,0.23,1.40,,,,,,110,90,170,110,90,50,40,30,50,70,90,170,secondary
bounce house for sale adults,USD,10,100%,100%,High,100,0.23,0.92,,,,,,10,30,10,10,10,10,10,10,20,10,20,20,secondary
yard bounce house with slide,USD,10,-50%,0%,High,100,0.42,2.08,,,,,,10,10,10,10,10,10,10,10,10,20,10,10,other
large water slides for adults,USD,50,143%,55%,High,100,0.29,1.39,,,,,,90,10,10,10,20,30,10,10,50,70,90,170,other
new bouncy castles for sale,USD,10,0%,-100%,Unknown,,,,,,,,,10,0,10,0,0,0,10,0,10,0,0,0,secondary
moon bounce company,USD,10,-33%,100%,High,83,0.93,2.98,,,,,,30,10,10,10,10,10,10,10,10,30,20,20,other
castle bouncer with slide,USD,30,0%,33%,High,100,,,,,,,,20,40,40,30,20,30,20,20,30,40,20,40,other
backyard bouncer,USD,1900,26%,0%,Low,17,0.27,1.95,,,,,,1900,1900,1900,1600,1300,1300,1600,1600,1900,1900,2400,2400,other
party rentals jump house,USD,10,0%,0%,High,80,0.64,2.75,,,,,,10,10,10,10,10,10,10,10,10,10,10,10,deprioritize_rental
inflatable combos for sale,USD,10,-50%,0%,Medium,50,,,,,,,,10,10,10,10,10,10,10,10,10,20,10,10,secondary
water moon jump,USD,50,57%,-21%,High,100,0.64,3.51,,,,,,110,90,30,30,10,10,20,30,70,70,140,110,other
commercial jumpers for sale los angeles,USD,10,0%,0%,High,100,0.31,0.85,,,,,,10,10,10,0,10,10,10,10,10,10,10,10,primary
water slide house rental,USD,10,300%,100%,High,76,0.98,1.95,,,,,,10,10,0,10,10,10,10,10,10,10,30,40,deprioritize_rental
indoor commercial bounce house,USD,10,0%,0%,High,100,0.47,1.74,,,,,,10,10,20,10,10,10,20,10,10,10,10,10,primary
places to buy bounce houses,USD,10,0%,0%,High,100,0.46,2.06,,,,,,20,10,10,10,10,10,10,10,10,10,10,10,secondary
bounce house for sale in california,USD,10,0%,-67%,High,100,0.60,2.31,,,,,,20,10,10,10,10,10,10,10,10,10,20,10,secondary
bounce houses in my area,USD,30,-25%,-57%,High,85,0.90,2.31,,,,,,30,40,40,40,10,10,30,20,50,40,40,30,other
axe throwing inflatable for sale,USD,10,∞,0%,High,100,,,,,,,,10,10,10,10,10,10,10,10,10,0,10,10,secondary
tropical bounce house combo,USD,90,91%,50%,High,100,0.61,2.55,,,,,,110,110,90,50,40,30,50,50,110,110,170,210,other
water slide rentals for birthday parties,USD,170,129%,-19%,High,91,0.72,1.99,,,,,,390,210,70,50,10,20,50,70,170,170,260,390,deprioritize_rental
water slides for adults to buy,USD,20,1000%,450%,High,100,0.26,1.25,,,,,,10,10,0,10,10,10,0,0,10,10,40,110,other
inflatable packages,USD,30,150%,150%,High,98,0.66,2.19,,,,,,40,20,20,30,30,30,10,30,30,20,30,50,other
moon jump water slide,USD,30,25%,0%,High,96,0.40,2.26,,,,,,70,20,20,10,10,10,10,10,30,40,40,50,other
adult jumping castle for sale,USD,10,0%,0%,High,100,,,,,,,,10,10,10,10,10,10,10,10,10,10,10,10,secondary
bounce house castle for sale,USD,90,-36%,0%,High,100,0.28,1.20,,,,,,210,170,70,70,50,70,50,50,90,140,90,90,secondary
water bounce house obstacle course,USD,20,250%,40%,High,100,0.46,1.71,,,,,,40,40,10,10,10,20,10,10,20,20,50,70,other
blow up house for adults,USD,70,57%,-21%,High,98,0.18,1.76,,,,,,70,110,140,50,30,30,20,70,50,70,40,110,other
cheap waterslides for sale,USD,10,200%,0%,High,100,0.16,0.96,,,,,,30,10,10,10,0,0,10,0,10,10,10,30,secondary
inflatable water slide 20ft,USD,20,67%,-29%,High,100,0.40,1.55,,,,,,40,20,10,10,10,10,10,10,20,30,40,50,other
moon bounce rental cost,USD,10,0%,-50%,Medium,52,0.83,2.10,,,,,,20,10,20,10,10,10,10,10,10,10,20,10,deprioritize_rental
about to bounce inflatables,USD,20,100%,100%,Low,11,,,,,,,,30,20,20,20,10,10,10,10,10,10,20,20,other
bounce house san antonio tx,USD,390,-64%,-19%,High,73,0.68,1.88,,,,,,320,390,390,390,390,260,390,390,720,720,480,260,other
best residential bounce house,USD,10,0%,0%,High,100,,,,,,,,10,10,10,10,10,10,10,0,10,10,10,10,other
cost to rent water slide,USD,20,100%,-20%,High,77,0.70,1.90,,,,,,50,30,10,0,10,0,10,10,10,20,40,40,deprioritize_rental
adult blow up waterslide,USD,10,400%,67%,High,100,0.25,1.75,,,,,,40,20,20,10,0,0,0,10,10,10,20,50,other
clear bounce house,USD,20,-67%,0%,High,100,,,,,,,,20,10,20,20,20,10,10,10,20,30,10,10,other
bounce house toys,USD,50,25%,-29%,High,96,0.29,0.74,,,,,,50,50,70,70,70,110,50,40,50,40,50,50,other
party bouncers for sale,USD,10,0%,0%,High,100,,,,,,,,10,10,10,10,10,10,10,10,10,10,10,10,secondary
local inflatable water slide rentals,USD,10,600%,133%,High,84,0.89,2.00,,,,,,20,10,10,10,10,0,10,10,10,10,40,70,deprioritize_rental
bounce house dinosaur,USD,1000,-23%,-23%,High,100,0.47,1.94,,,,,,1300,1300,1300,1000,880,720,880,1000,1300,1300,1300,1000,other
jumpy castles near me,USD,210,-35%,-19%,High,86,0.96,2.62,,,,,,210,210,170,260,210,140,210,170,260,260,260,170,deprioritize_rental
outdoor water slide bounce house,USD,10,100%,0%,High,100,0.37,1.44,,,,,,20,20,10,10,10,10,10,10,20,20,20,40,other
order a bounce house,USD,20,100%,0%,High,100,0.69,2.88,,,,,,20,20,20,10,10,10,10,10,20,10,30,20,other
biggest inflatable water slide for sale,USD,90,55%,-35%,High,100,0.27,1.09,,,,,,210,140,40,20,10,20,10,30,70,110,140,170,secondary
party rentals bounce house rentals near me,USD,40,-25%,-57%,Medium,34,,,,,,,,70,50,50,30,20,10,10,30,30,40,50,30,deprioritize_rental
jumper water slide combo rentals,USD,10,100%,0%,High,92,0.85,2.11,,,,,,10,20,10,10,10,0,10,0,10,10,10,20,deprioritize_rental
blow up jump house rental near me,USD,10,-50%,0%,High,90,0.51,3.03,,,,,,30,20,10,0,10,10,10,10,10,20,20,10,deprioritize_rental
mini blow up bounce house,USD,170,21%,21%,High,100,0.18,1.10,,,,,,90,210,110,140,210,260,140,140,170,140,140,170,other
inflatable adults bouncy castle,USD,10,-100%,0%,Unknown,,,,,,,,,10,0,10,0,0,0,0,10,0,10,10,0,other
playground bounce house,USD,50,0%,-44%,Medium,53,0.96,2.75,,,,,,90,50,70,30,40,30,30,40,50,50,50,50,other
giant bounce house water slide,USD,20,100%,-43%,High,100,0.29,1.43,,,,,,50,20,20,20,10,10,10,10,20,20,40,40,other
outdoor blow up house,USD,10,0%,0%,High,67,,,,,,,,10,10,10,10,10,10,10,10,10,10,10,10,other
best commercial inflatables,USD,20,100%,100%,Medium,52,0.71,1.68,,,,,,10,20,90,10,20,20,10,10,10,10,10,20,primary
t rex bounce house,USD,110,0%,0%,High,99,0.65,2.30,,,,,,140,140,110,90,70,50,70,70,90,140,110,140,other
inflatable bounce house water slide rentals,USD,10,0%,-67%,High,100,0.87,2.06,,,,,,20,10,10,10,0,10,10,10,10,10,10,10,deprioritize_rental
buy commercial jumping castle,USD,10,-100%,-100%,Unknown,,,,,,,,,0,10,10,0,0,10,10,0,0,10,10,0,primary
biggest bounce house for sale,USD,480,0%,-18%,High,100,0.22,0.96,,,,,,720,480,480,390,260,210,260,260,480,590,590,590,secondary
commercial double water slide,USD,20,150%,-55%,High,100,0.39,2.43,,,,,,50,10,0,10,0,10,10,10,20,20,30,50,primary
jumping party bounce house,USD,90,22%,0%,Medium,35,0.58,1.85,,,,,,140,90,90,70,30,50,50,70,70,90,110,110,other
cost to rent inflatable water slides,USD,10,200%,-25%,High,67,0.68,1.87,,,,,,30,20,10,10,10,10,10,10,10,10,10,30,deprioritize_rental
ax throwing inflatable,USD,40,0%,0%,High,100,0.40,2.91,,,,,,40,50,50,50,10,10,20,20,40,40,50,40,other
big slide bounce house,USD,320,0%,0%,High,100,0.36,1.58,,,,,,480,320,320,260,320,170,170,170,480,390,480,390,other
moon bounce for sale san antonio,USD,10,0%,0%,High,100,,,,,,,,10,10,10,10,10,10,10,10,20,10,10,10,secondary
halloween inflatable bounce house,USD,70,100%,-50%,High,89,0.54,1.49,,,,,,70,110,210,210,10,10,10,10,10,10,20,20,other
water slide large,USD,1000,85%,-17%,High,100,0.23,1.69,,,,,,1900,1000,480,260,170,210,320,480,1000,1300,1900,2400,other
jumping castle cheap,USD,10,0%,0%,High,100,0.60,3.49,,,,,,10,10,10,10,10,10,10,10,10,10,10,10,other
water bounce house for 10 year olds,USD,10,400%,25%,High,100,0.33,1.15,,,,,,10,20,0,0,10,10,10,10,10,10,20,50,other
american made bounce houses,USD,10,-100%,-100%,Unknown,,,,,,,,,10,0,10,0,10,0,0,0,0,10,0,0,other
jump for fun bounce house rental,USD,10,0%,0%,High,79,,,,,,,,10,30,10,10,10,10,10,10,10,10,10,10,deprioritize_rental
commercial bounce water slide,USD,10,200%,50%,High,100,0.45,2.08,,,,,,20,10,10,10,10,10,0,10,10,10,20,30,primary
georgia bounce house rentals,USD,30,-20%,0%,Medium,48,1.05,1.96,,,,,,30,40,30,20,20,10,30,20,10,50,30,40,deprioritize_rental
blow up water jumping castle,USD,10,0%,-50%,High,100,,,,,,,,10,10,0,10,0,0,0,10,10,10,10,10,other
wayfair water slide bounce house,USD,20,75%,-22%,High,100,0.37,1.00,,,,,,20,10,10,10,0,10,10,10,30,40,50,70,other
places to rent a bounce house near me,USD,20,0%,0%,Medium,37,0.49,3.13,,,,,,40,20,20,10,10,10,10,10,30,30,30,30,deprioritize_rental
best party bounce house,USD,10,200%,50%,High,100,0.61,1.53,,,,,,20,30,10,10,10,10,10,10,10,10,10,30,other
heavy duty inflatable bounce house,USD,50,0%,0%,High,100,0.29,1.26,,,,,,20,110,140,70,50,110,20,10,10,10,10,10,other
jurassic bounce house,USD,40,-33%,-60%,High,100,0.80,1.92,,,,,,70,50,30,50,30,20,20,20,50,30,40,20,other
inflatable manufacturers in florida,USD,10,0%,∞,Low,29,,,,,,,,10,10,10,0,0,10,0,10,10,10,10,10,primary
enclosed bounce house,USD,30,33%,33%,High,100,0.28,1.40,,,,,,20,20,30,30,40,20,20,10,40,30,30,40,other
bounce with us inflatables,USD,20,600%,-50%,Low,14,0.99,2.50,,,,,,50,10,10,10,0,10,0,10,10,10,50,70,other
free bounce house,USD,70,80%,-47%,Medium,42,0.55,3.13,,,,,,140,90,50,70,30,20,30,20,50,50,90,90,other
bounce house water slide combo for sale,USD,20,100%,100%,High,100,0.27,0.83,,,,,,10,20,10,10,10,10,10,10,20,20,40,40,secondary
bounce house with large slide,USD,320,0%,0%,High,100,0.36,1.58,,,,,,480,320,320,260,320,170,170,170,480,390,480,390,other
rent bounce house water slide near me,USD,10,100%,-33%,High,86,0.85,2.08,,,,,,20,10,10,10,0,0,0,0,10,10,20,20,deprioritize_rental
bouncy castle inflatable,USD,720,0%,-41%,High,100,0.31,1.80,,,,,,1300,1300,1600,590,590,320,390,390,590,590,590,590,other
inflatable combo,USD,50,-22%,-36%,High,99,0.76,2.00,,,,,,70,90,50,40,20,50,30,40,70,90,90,70,other
spiderman bounce house with slide,USD,40,67%,25%,High,100,0.40,1.93,,,,,,40,40,40,30,40,20,10,50,50,30,40,50,other
cutting edge bounce house,USD,10,-50%,0%,High,83,,,,,,,,10,20,10,20,20,10,10,10,10,20,10,10,branded
jumping castle cost,USD,10,-100%,-100%,Unknown,,,,,,,,,10,10,10,0,10,10,10,10,10,10,10,0,other
grown up bounce house,USD,10,0%,0%,High,89,0.40,1.62,,,,,,30,10,20,20,10,10,10,10,10,20,20,20,other
inflatable maker,USD,140,-33%,-33%,High,88,1.84,6.01,,,,,,210,170,210,110,90,140,90,110,170,210,170,140,other
big water bounce house for sale,USD,10,200%,0%,High,100,0.22,1.17,,,,,,20,10,10,0,10,10,10,10,10,10,30,30,secondary
covered bounce house,USD,20,50%,50%,High,100,0.45,2.05,,,,,,20,10,10,30,20,10,10,10,30,20,50,30,other
funtime bounce house,USD,320,23%,-19%,Low,14,0.75,2.55,,,,,,480,320,320,260,210,110,170,170,320,390,480,480,other
blow up inflatables near me,USD,10,100%,-71%,High,95,0.89,1.97,,,,,,30,30,10,0,10,10,10,10,10,10,20,20,deprioritize_rental
moonwalk purchase,USD,30,0%,-25%,High,83,0.28,0.92,,,,,,30,30,30,30,30,10,50,20,70,30,50,30,other
commercial bouncers wholesale,USD,10,0%,0%,High,100,,,,,,,,10,10,10,10,10,10,10,10,10,10,10,10,primary
inflatable bounce house rental prices,USD,10,0%,-75%,High,67,0.69,1.60,,,,,,30,20,10,10,10,10,10,10,10,10,10,10,deprioritize_rental
jumpers wholesale in los angeles,USD,10,-50%,-50%,High,100,0.33,1.41,,,,,,10,10,10,10,10,10,10,10,10,20,20,10,primary
inside inflatable bounce house,USD,10,0%,0%,High,80,,,,,,,,10,110,10,10,10,10,10,0,10,10,10,10,other
disney bounce house for sale,USD,20,-33%,0%,High,98,0.12,1.00,,,,,,10,10,20,10,10,10,20,20,20,30,20,20,secondary
yellow bounce house,USD,50,-22%,75%,High,100,0.40,2.03,,,,,,70,50,70,40,30,20,20,50,50,90,90,70,other
unique world inflatables,USD,20,-50%,-50%,High,99,0.92,3.31,,,,,,10,20,40,20,20,10,10,20,10,20,10,10,other
inflatable water park commercial,USD,10,100%,0%,High,100,0.47,1.99,,,,,,20,10,10,10,0,10,0,10,10,10,10,20,primary
party bouncers near me,USD,10,0%,0%,High,86,1.04,1.91,,,,,,10,10,10,10,10,10,10,20,10,10,10,10,deprioritize_rental
blowup waterslide for sale,USD,10,0%,-50%,High,100,0.31,0.88,,,,,,10,0,10,0,0,0,0,10,10,10,10,10,secondary
blow up inflatable rentals,USD,10,100%,-60%,High,67,0.75,2.10,,,,,,20,20,20,10,10,10,10,10,10,10,10,20,deprioritize_rental
jumper rental cost,USD,20,-50%,-50%,Low,14,,,,,,,,10,10,30,30,10,10,10,10,10,20,20,10,deprioritize_rental
bounce house in stock near me,USD,30,33%,33%,High,100,0.19,2.39,,,,,,20,40,20,20,20,20,10,20,40,30,40,40,deprioritize_rental
water slide air blower,USD,70,240%,-35%,High,100,0.27,0.72,,,,,,170,70,210,10,10,10,10,10,40,50,110,170,other
water slide near me for sale,USD,70,550%,53%,High,100,0.26,1.01,,,,,,320,110,10,10,10,10,10,10,50,40,140,260,secondary
sports themed bounce house,USD,50,80%,125%,High,100,1.11,2.47,,,,,,90,40,50,40,30,20,50,30,50,50,70,90,other
bounce house warehouse near me,USD,30,-20%,33%,High,100,0.34,1.81,,,,,,40,30,30,20,20,10,30,20,40,50,20,40,deprioritize_rental
princess blow up castle,USD,40,133%,40%,High,100,0.45,1.71,,,,,,30,40,50,50,40,30,40,30,50,30,70,70,other
bounce jumpers for sale,USD,10,0%,0%,High,100,,,,,,,,10,10,10,10,10,10,10,10,10,10,10,10,secondary
bounce house fun,USD,140,-36%,-72%,High,75,0.91,1.98,,,,,,170,210,260,140,90,90,110,90,170,140,170,90,other
air bounce house rentals,USD,10,0%,0%,High,71,,,,,,,,20,10,10,0,0,10,10,10,10,10,10,10,deprioritize_rental
cheap inflatables near me,USD,20,100%,-33%,High,95,0.50,1.69,,,,,,30,20,30,20,30,20,10,20,30,10,20,20,deprioritize_rental
inflatable bounce house with water,USD,590,82%,-16%,High,100,0.39,1.75,,,,,,1300,880,140,90,90,70,110,210,720,880,1300,1600,other
ebay bounce house with blower,USD,10,0%,0%,Unknown,,,,,,,,,10,10,10,0,0,10,0,0,10,0,0,0,other
obstacle water slides for rent,USD,10,100%,0%,High,68,0.35,1.70,,,,,,10,10,10,0,0,0,10,0,10,10,30,20,deprioritize_rental
bounce house store near me,USD,40,67%,0%,High,100,0.54,3.45,,,,,,50,70,20,40,20,20,10,10,40,30,70,50,deprioritize_rental
big water slide for adults,USD,40,120%,22%,High,100,0.22,1.65,,,,,,70,40,10,10,10,10,10,10,30,50,70,110,other
inflatable water slide financing,USD,10,0%,-50%,High,98,0.29,1.71,,,,,,10,10,10,0,0,10,0,0,10,10,10,10,other
inflatable outdoor playground,USD,40,0%,0%,High,100,0.33,1.30,,,,,,30,40,30,20,30,30,30,20,70,50,40,50,other
jump house water slide rentals near me,USD,10,0%,-67%,Medium,62,0.75,1.91,,,,,,10,10,10,10,0,0,0,0,10,10,10,10,deprioritize_rental
10 by 10 bounce house,USD,20,0%,0%,High,83,0.35,1.50,,,,,,10,10,20,10,20,20,20,20,20,20,20,20,other
20 ft inflatable slide,USD,40,0%,-36%,High,100,0.31,1.50,,,,,,50,40,20,20,20,10,20,10,40,70,90,70,other
bounty house rentals,USD,10,∞,0%,High,86,0.42,0.95,,,,,,10,10,10,10,10,0,0,10,0,0,0,10,deprioritize_rental
bounce house sell,USD,10,0%,0%,High,86,,,,,,,,10,10,10,10,10,10,10,10,20,10,10,10,other
giant bouncy castle for sale,USD,10,0%,0%,High,100,,,,,,,,10,10,0,0,10,10,0,10,10,10,0,10,secondary
big top bounce house,USD,20,100%,-50%,High,83,0.29,2.08,,,,,,20,30,30,20,10,10,10,10,10,10,10,20,other
13x13 jumper for sale,USD,10,0%,100%,High,100,0.25,0.92,,,,,,10,10,10,20,20,10,10,10,10,20,10,20,secondary
jumping castle suppliers,USD,10,0%,-100%,Unknown,,,,,,,,,0,0,0,0,0,0,0,0,0,0,10,0,other
water slide jumpy house,USD,12100,124%,-18%,High,100,0.38,1.75,,,,,,27100,14800,5400,2400,1900,1900,2900,4400,12100,14800,22200,33100,other
slide and bounce,USD,70,-29%,-29%,Medium,36,,,,,,,,90,70,50,90,50,70,40,50,70,70,110,50,other
buy inflatable castle,USD,40,-25%,-57%,High,100,0.25,1.17,,,,,,40,70,40,50,30,20,30,30,50,40,50,30,secondary
birthday party bounce house rentals near me,USD,30,-25%,200%,High,76,0.84,2.47,,,,,,10,10,70,30,10,10,20,20,20,40,50,30,deprioritize_rental
blow up indoor bounce house,USD,1000,22%,-18%,High,100,0.25,1.21,,,,,,720,880,880,1300,1900,1900,1600,1000,1000,590,590,720,other
bounce house tent,USD,40,125%,29%,High,99,0.62,2.13,,,,,,50,50,30,30,20,20,20,20,30,40,40,90,other
commercial moonwalk,USD,30,0%,-75%,Medium,38,0.07,2.60,,,,,,10,20,90,70,20,20,10,20,20,10,10,10,primary
white moonwalk for sale,USD,10,∞,0%,High,100,,,,,,,,10,10,10,10,10,0,10,10,10,0,10,10,secondary
inflatable combo rentals,USD,20,100%,0%,Medium,59,0.70,2.29,,,,,,40,20,10,20,20,10,20,10,10,10,20,20,deprioritize_rental
tall bounce house,USD,1600,50%,-17%,High,95,0.22,1.71,,,,,,2900,2400,2400,1300,880,720,720,720,1300,1600,1900,2400,other
used inflatable obstacle course for sale,USD,30,0%,-43%,High,100,0.15,1.32,,,,,,20,30,20,30,10,10,10,10,30,40,50,40,secondary
bounce pool,USD,40,120%,-21%,High,99,0.40,1.68,,,,,,90,30,30,20,10,20,20,20,70,50,70,110,other
4 in 1 combo bounce house,USD,20,50%,-57%,High,100,0.67,1.79,,,,,,20,40,20,20,20,10,10,10,20,20,20,30,other
cost for bounce house rentals,USD,10,100%,100%,Medium,52,0.88,2.05,,,,,,10,10,10,10,10,0,10,10,10,10,10,20,deprioritize_rental
bounce house material,USD,90,22%,22%,Medium,53,0.32,1.73,,,,,,90,70,170,90,70,70,50,50,70,90,70,110,other
obstacle course jumper for sale,USD,20,0%,-50%,High,100,0.16,0.76,,,,,,10,10,20,20,20,20,10,20,40,10,20,10,secondary
used commercial water slide,USD,40,120%,-21%,High,100,0.26,3.07,,,,,,140,40,10,10,20,20,10,20,20,50,50,110,primary
24 ft water slide for sale,USD,30,450%,267%,High,100,0.23,1.17,,,,,,50,30,10,10,10,10,10,30,20,20,90,110,secondary
bounce house obstacle course near me,USD,40,-50%,-60%,High,67,0.73,1.88,,,,,,50,70,50,40,30,20,40,30,70,40,40,20,deprioritize_rental
places to rent inflatables near me,USD,30,33%,0%,Low,31,0.92,2.47,,,,,,10,20,20,20,10,10,10,20,70,30,40,40,deprioritize_rental
used moon bounce for sale,USD,10,-67%,-67%,High,100,0.22,1.23,,,,,,30,20,10,10,10,10,10,10,10,30,20,10,secondary
bounce house california,USD,30,25%,0%,Medium,55,0.96,2.85,,,,,,50,50,40,30,20,20,20,20,30,40,30,50,other
commercial inflatable wet dry slide,USD,10,0%,0%,High,100,0.66,2.44,,,,,,30,10,10,10,0,0,0,0,10,10,10,10,primary
industrial size water slide,USD,20,250%,40%,High,100,0.23,1.55,,,,,,40,20,10,10,10,10,10,10,10,20,20,70,other
tropical bounce house rental near me,USD,10,0%,0%,Medium,50,,,,,,,,10,10,10,0,0,0,10,10,10,10,10,10,deprioritize_rental
commercial inflatable blowers,USD,40,250%,75%,High,100,0.52,2.25,,,,,,30,140,10,30,20,10,20,50,50,20,50,70,primary
buy moonwalk,USD,30,0%,-25%,High,83,0.28,0.92,,,,,,30,30,30,30,30,10,50,20,70,30,50,30,secondary
tall water slides for sale,USD,50,367%,100%,High,100,0.33,1.83,,,,,,90,70,140,30,20,10,10,10,30,30,70,140,secondary
birthday party water slide rentals near me,USD,20,100%,-20%,High,69,1.03,1.95,,,,,,50,30,20,10,10,10,10,10,30,20,40,40,deprioritize_rental
affordable inflatable rentals,USD,90,0%,-35%,Medium,60,0.88,2.20,,,,,,170,90,90,40,40,20,40,50,70,110,110,110,deprioritize_rental
jumping balloon water slide,USD,20,300%,-20%,High,100,0.46,1.59,,,,,,40,20,10,10,10,10,10,10,30,10,30,40,other
combo inflatables for sale,USD,10,0%,-50%,High,100,0.28,2.32,,,,,,10,10,10,10,10,10,10,10,10,10,10,10,secondary
big bounce water slide,USD,20,350%,29%,High,100,0.28,1.69,,,,,,70,20,10,0,10,10,10,10,20,20,20,90,other
cheap bounce rentals,USD,10,-80%,0%,High,100,,,,,,,,10,10,10,10,10,10,10,10,10,50,10,10,deprioritize_rental
rainbow castle bounce house,USD,90,0%,0%,High,100,0.38,1.72,,,,,,110,90,90,90,70,30,50,50,110,110,90,110,other
inflatable jumpers near me,USD,30,150%,0%,High,100,0.88,4.50,,,,,,40,40,30,70,30,10,20,20,30,20,30,50,deprioritize_rental
castle blow up bouncy,USD,50,67%,-44%,High,100,0.41,1.75,,,,,,70,50,40,50,50,30,50,40,50,30,70,50,other
bounce places for adults,USD,50,0%,-43%,Medium,56,,,,,,,,70,90,50,50,70,50,70,50,70,40,50,40,other
bounce house outlet,USD,10,0%,0%,Medium,64,,,,,,,,10,10,20,10,10,10,10,10,10,10,10,10,other
cocomelon bounce house for sale,USD,10,0%,-67%,Low,0,,,,,,,,10,10,40,10,30,10,10,10,10,10,20,10,secondary
water jumping castle rentals,USD,10,100%,0%,Medium,66,0.60,2.08,,,,,,30,10,10,0,10,0,0,10,10,10,10,20,deprioritize_rental
double water slide for sale,USD,20,150%,0%,High,100,0.28,1.70,,,,,,50,20,40,10,10,10,10,10,30,20,30,50,secondary
jumphouses,USD,40,-40%,-40%,High,100,0.92,2.45,,,,,,50,50,50,40,40,20,40,30,50,50,40,30,other
best bounce houses near me,USD,10,0%,0%,High,100,1.31,2.38,,,,,,10,30,10,10,10,10,10,10,10,10,10,10,deprioritize_rental
inflatable slide bouncy castle,USD,10,0%,0%,High,100,0.29,0.82,,,,,,10,20,10,10,10,0,0,10,10,10,20,10,other
inflatable slide with bounce house,USD,20,0%,-40%,High,100,0.41,1.15,,,,,,30,10,10,10,10,10,10,10,20,30,20,30,other
bounce house specials near me,USD,10,0%,0%,High,100,,,,,,,,10,10,10,10,10,10,10,0,10,10,10,10,deprioritize_rental
pastel color bounce house,USD,20,250%,250%,High,100,0.21,1.40,,,,,,10,20,10,10,10,10,10,10,20,20,40,70,other
huge inflatable bounce house,USD,10,200%,50%,High,100,0.27,1.21,,,,,,20,30,10,10,10,10,10,10,20,10,10,30,other
jumpy house with slide,USD,5400,23%,0%,High,100,0.40,1.76,,,,,,6600,5400,5400,4400,4400,2900,2900,3600,6600,6600,8100,8100,other
water slide and jumping castle,USD,90,91%,0%,High,89,0.42,1.84,,,,,,170,90,70,20,10,10,10,20,140,110,170,210,other
wet dry combo inflatable,USD,10,0%,0%,High,100,0.47,1.67,,,,,,10,10,10,10,0,0,10,10,10,10,10,10,other
$60 bounce house rentals,USD,10,0%,0%,Unknown,,,,,,,,,10,10,0,10,0,0,0,0,0,0,0,0,deprioritize_rental
12x12 bounce house for sale,USD,10,-50%,0%,High,86,,,,,,,,10,10,10,10,10,20,10,10,10,20,10,10,secondary
15x15 inflatable bounce house for sale,USD,10,-100%,-100%,Unknown,,,,,,,,,10,0,0,10,0,0,0,0,0,10,10,0,secondary
18 ft bounce house water slide,USD,10,0%,-50%,High,100,0.31,1.56,,,,,,20,10,10,10,10,10,10,10,10,10,10,10,other
18x18 bounce house,USD,10,0%,0%,High,100,,,,,,,,10,10,10,10,10,0,10,10,10,10,10,10,other
19 ft water slide for sale,USD,10,400%,0%,High,100,0.27,1.37,,,,,,40,10,10,10,10,10,10,10,20,10,30,50,secondary
19ft water slide,USD,170,247%,23%,High,100,0.34,1.77,,,,,,390,210,140,70,30,20,20,30,140,170,320,590,other
2 bounce houses,USD,10,0%,-75%,Medium,38,,,,,,,,10,20,20,10,10,10,10,20,20,10,10,10,other
20 foot inflatable slide,USD,40,0%,-36%,High,100,0.31,1.50,,,,,,50,40,20,20,20,10,20,10,40,70,90,70,other
20 ft blow up water slide,USD,170,321%,23%,High,100,0.31,1.76,,,,,,390,260,90,50,30,20,40,40,90,140,320,590,other
20 ft tall inflatable water slide,USD,20,600%,133%,High,100,0.31,1.63,,,,,,40,10,10,10,0,10,0,10,10,10,50,70,other
20x20 bounce house for sale,USD,10,0%,0%,High,100,0.40,2.77,,,,,,10,10,10,10,10,10,10,10,10,10,10,10,secondary
21 ft water slide,USD,50,100%,27%,High,99,0.31,1.75,,,,,,140,50,10,0,10,10,10,10,20,70,90,140,other
24 foot inflatable water slide,USD,10,200%,50%,High,100,0.30,1.93,,,,,,40,20,10,10,0,0,0,10,10,10,20,30,other
24 foot water slide,USD,210,177%,22%,High,100,0.29,1.68,,,,,,590,260,90,40,20,10,20,70,210,260,480,720,other
24ft water slide,USD,210,177%,22%,High,100,0.29,1.68,,,,,,590,260,90,40,20,10,20,70,210,260,480,720,other
26 foot water slide,USD,50,425%,50%,High,100,0.32,1.66,,,,,,110,70,20,10,10,10,10,10,30,40,90,210,other
3 story bounce house,USD,50,29%,80%,High,96,0.41,1.71,,,,,,50,40,50,40,30,50,40,30,50,70,70,90,other
3d bounce house,USD,10,0%,0%,Low,0,,,,,,,,20,10,20,0,10,10,10,10,10,10,10,10,other
5 in 1 bounce house combo,USD,90,-21%,22%,High,100,0.66,2.28,,,,,,110,170,110,70,50,40,40,50,70,140,90,110,other
5 in 1 bounce house rentals,USD,10,0%,-100%,Unknown,,,,,,,,,0,10,0,0,0,0,0,10,10,0,0,0,deprioritize_rental
5 in 1 jumper,USD,20,-33%,0%,High,100,0.54,1.18,,,,,,20,30,30,20,20,10,10,20,30,30,30,20,other
5 in one bounce house,USD,90,-18%,-18%,High,100,0.36,1.70,,,,,,90,90,110,90,90,40,70,70,110,110,90,90,other
9 hole mini golf,USD,40,-29%,0%,Medium,59,,,,,,,,50,50,40,30,30,40,30,40,30,70,50,50,other
a affordable bounce house rental,USD,10,0%,0%,High,86,,,,,,,,10,10,10,10,0,10,10,10,10,10,10,10,deprioritize_rental
a jump house,USD,30,33%,-20%,High,89,1.76,13.37,,,,,,40,20,30,20,20,20,20,30,30,30,30,40,other
activity bounce house,USD,30,-60%,-50%,High,95,,,,,,,,50,50,40,30,30,20,20,30,50,50,40,20,other
adult blow up house,USD,10,-33%,0%,High,91,0.29,3.03,,,,,,20,10,10,10,10,10,10,10,10,30,10,20,other
adult bounce house near me,USD,210,-19%,-35%,Medium,60,0.59,1.90,,,,,,260,260,210,170,140,140,170,140,210,210,210,170,deprioritize_rental
adult bounce house obstacle course,USD,50,0%,-22%,High,100,0.39,1.77,,,,,,90,70,40,50,70,40,30,30,30,70,90,70,other
adult bounce house party,USD,10,0%,-50%,Medium,50,,,,,,,,10,10,10,10,10,10,10,10,10,10,10,10,other
adult inflatable house,USD,70,57%,-21%,High,98,0.18,1.76,,,,,,70,110,140,50,30,30,20,70,50,70,40,110,other
adult jumpy house,USD,20,100%,-20%,High,99,0.40,1.28,,,,,,30,30,30,20,20,10,10,20,20,20,30,40,other
age for bounce house,USD,90,22%,0%,Medium,42,,,,,,,,50,140,210,90,110,70,70,50,90,90,90,110,other
air bounce water slide,USD,10,0%,0%,High,100,0.31,1.73,,,,,,10,0,10,10,0,0,0,10,10,10,10,10,other
air jump house,USD,20,-50%,0%,High,100,,,,,,,,20,10,10,20,20,30,10,10,20,20,30,10,other
air slide rentals,USD,10,0%,0%,High,89,1.19,2.22,,,,,,10,10,10,0,0,20,0,10,10,10,10,10,deprioritize_rental
all bounce house,USD,10,0%,0%,High,71,,,,,,,,30,10,20,10,10,10,10,20,10,10,10,10,other
all pink bounce house,USD,10,-50%,0%,High,100,1.09,1.67,,,,,,20,20,10,10,10,10,10,10,10,20,10,10,other
amazing bounce house rentals,USD,70,-55%,-29%,Low,31,1.17,2.45,,,,,,50,70,50,90,90,20,30,20,70,110,90,50,deprioritize_rental
american made inflatables,USD,20,0%,0%,Medium,50,,,,,,,,10,10,110,40,20,30,10,10,10,10,10,10,other
among us bounce house,USD,10,0%,0%,Low,24,,,,,,,,10,10,10,10,10,20,10,10,10,10,10,10,other
amusement inflatables,USD,70,300%,33%,High,67,1.06,5.85,,,,,,20,70,320,90,110,90,40,30,30,10,20,40,other
avengers bounce house for sale,USD,10,-100%,-100%,Unknown,,,,,,,,,0,10,0,10,10,10,0,0,10,10,10,0,secondary
average bounce house size,USD,20,0%,0%,High,69,,,,,,,,10,20,20,20,30,10,10,20,30,20,20,20,other
awesome bounce house,USD,70,29%,-18%,Medium,49,0.28,2.77,,,,,,90,70,70,70,30,30,50,50,90,70,70,90,other
axe throwing blow up,USD,30,100%,0%,High,100,,,,,,,,50,40,30,50,20,10,30,20,20,20,20,40,other
back yard bounce,USD,1900,26%,0%,Low,17,0.27,1.95,,,,,,1900,1900,1900,1600,1300,1300,1600,1600,1900,1900,2400,2400,other
backyard bounce rentals,USD,10,100%,100%,Low,30,0.22,1.35,,,,,,20,10,10,10,0,10,10,10,10,20,20,40,deprioritize_rental
barn jump house,USD,10,0%,0%,High,67,,,,,,,,10,10,10,10,10,10,10,10,10,10,10,10,other
basic bounce house,USD,90,25%,-29%,High,100,0.64,1.72,,,,,,210,170,90,70,110,30,70,30,50,40,70,50,other
batman bounce house for sale,USD,10,0%,0%,High,75,,,,,,,,10,20,10,10,0,0,10,10,10,10,10,10,secondary
batman inflatable bounce house,USD,10,0%,0%,Low,25,,,,,,,,20,20,10,10,10,10,10,10,10,10,10,10,other
batman jump house,USD,210,-35%,-19%,High,88,0.76,1.86,,,,,,210,260,260,140,170,140,210,210,210,260,140,170,other
belly bouncer,USD,20,0%,-33%,Low,16,,,,,,,,10,20,10,10,20,30,20,20,40,20,50,20,other
best bounce house company,USD,10,0%,0%,High,91,0.45,3.20,,,,,,10,10,10,10,10,10,10,10,10,10,10,10,other
best bounce inflatables,USD,20,400%,150%,Medium,41,1.14,3.29,,,,,,20,30,10,10,10,10,10,10,20,10,20,50,other
best inflatable jump house,USD,10,0%,0%,High,100,0.45,1.66,,,,,,10,10,10,10,10,10,10,10,10,10,10,10,other
best inflatable obstacle course,USD,20,50%,50%,High,100,0.41,1.81,,,,,,20,20,10,10,10,10,10,30,20,20,20,30,other
best jumping castles,USD,10,0%,0%,High,71,,,,,,,,10,10,10,10,10,10,10,10,10,10,10,10,other
best material for bounce house,USD,10,0%,-50%,High,89,,,,,,,,10,10,10,10,10,10,10,10,10,10,10,10,other
best party inflatable bounce house,USD,10,0%,0%,Low,29,,,,,,,,10,10,0,0,10,10,10,0,10,10,10,10,other
best party inflatables,USD,30,100%,300%,High,89,0.50,2.21,,,,,,20,30,90,20,50,20,10,20,20,20,10,40,other
best place to buy bouncy castles,USD,10,∞,0%,High,100,,,,,,,,0,0,0,10,0,10,0,0,0,0,10,10,secondary
best way to store bounce house,USD,10,-33%,-33%,Low,31,0.35,0.81,,,,,,20,20,10,10,10,10,10,10,10,30,20,20,other
big bounce castle,USD,20,50%,50%,High,97,0.32,0.90,,,,,,30,20,30,30,20,10,20,20,20,20,50,30,other
big bounce house obstacle course,USD,10,100%,-33%,High,100,0.30,4.08,,,,,,20,10,10,10,10,10,10,10,10,10,20,20,other
big bounce house slide,USD,20,100%,33%,High,100,0.33,1.86,,,,,,50,40,20,40,20,10,10,10,20,20,30,40,other
big bounce slide,USD,10,200%,50%,High,94,0.35,1.66,,,,,,10,10,20,10,10,10,10,10,10,10,20,30,other
big bouncy slide,USD,30,150%,-29%,High,100,0.63,2.15,,,,,,30,50,10,40,10,10,10,10,30,20,40,50,other
big bouncy water slide,USD,20,100%,100%,High,87,0.33,1.88,,,,,,40,20,10,10,10,10,10,10,10,20,40,40,other
big inflatable house,USD,140,555%,700%,High,100,0.16,1.37,,,,,,70,50,90,140,140,70,90,70,70,110,110,720,other
big inflatable slide for sale,USD,10,0%,100%,High,100,0.26,1.19,,,,,,10,20,10,10,10,10,10,10,10,20,20,20,secondary
big inflatable water slides for adults,USD,20,250%,0%,High,100,0.28,1.86,,,,,,70,20,10,10,10,10,10,10,30,20,40,70,other
big jump house for sale,USD,10,0%,-50%,High,100,0.22,0.83,,,,,,10,10,10,10,10,10,10,10,20,10,10,10,secondary
big slide bouncy castle,USD,10,0%,100%,High,100,0.39,1.63,,,,,,20,10,20,10,10,10,10,10,20,20,20,20,other
big slide inflatable,USD,320,86%,-34%,High,99,0.33,1.79,,,,,,480,480,590,320,140,140,110,140,320,210,390,390,other
big water blow up slides,USD,10,100%,-78%,High,100,0.47,1.77,,,,,,30,10,10,10,10,0,10,10,10,10,20,20,other
big water jumpers,USD,20,250%,0%,High,95,0.32,1.70,,,,,,50,30,30,10,0,10,10,10,30,20,30,70,other
big water slides to buy,USD,20,150%,0%,High,100,0.26,1.50,,,,,,40,20,10,10,0,10,10,10,10,20,30,50,other
big waterslides to buy,USD,10,-50%,0%,High,100,,,,,,,,10,10,10,0,0,0,0,0,0,20,10,10,other
biggest inflatable bounce house,USD,390,23%,-19%,High,100,0.29,1.59,,,,,,590,590,720,480,320,210,260,170,320,390,480,480,other
birthday inflatables for rent,USD,30,-33%,-60%,High,79,0.94,1.84,,,,,,30,50,50,50,20,10,10,20,20,30,40,20,deprioritize_rental
birthday party water slide bounce house,USD,40,367%,100%,Medium,62,,,,,,,,70,50,20,20,20,10,10,10,30,30,40,140,other
black and white bounce house,USD,40,0%,67%,High,100,0.73,2.47,,,,,,40,30,30,20,10,20,30,50,40,50,30,50,other
black castle bounce house,USD,10,0%,0%,High,75,,,,,,,,10,10,20,20,10,10,10,10,10,10,10,10,other
blow it up bounce house,USD,20,0%,-71%,Low,19,,,,,,,,40,30,10,10,30,20,10,10,20,20,30,20,other
blow up adult water slide,USD,4400,175%,-33%,High,100,0.28,1.59,,,,,,14800,4400,1600,590,390,480,590,880,3600,4400,8100,12100,other
blow up attractions,USD,210,-20%,-20%,High,89,0.82,3.34,,,,,,30,1300,720,40,30,10,90,10,50,50,70,40,other
blow up ax throwing game,USD,20,0%,-67%,High,100,,,,,,,,30,10,20,30,10,10,10,10,10,10,20,10,other
blow up bounce,USD,390,23%,23%,High,99,0.46,2.03,,,,,,480,480,390,320,320,320,260,320,480,480,720,590,other
blow up bounce house indoor,USD,30,-25%,0%,High,100,0.16,1.33,,,,,,20,10,10,20,40,50,40,40,50,40,30,30,other
blow up bounce house with pool,USD,10,100%,-33%,High,100,0.26,1.53,,,,,,20,10,10,10,10,10,0,10,10,10,20,20,other
blow up bounce slide,USD,10,0%,-50%,High,95,0.38,1.58,,,,,,10,10,10,10,10,10,10,10,10,10,10,10,other
blow up bounce water slide,USD,10,200%,-25%,High,100,0.75,4.00,,,,,,20,10,10,0,0,0,0,10,20,10,10,30,other
blow up castle water slide,USD,10,100%,0%,High,100,0.50,1.92,,,,,,10,10,10,10,0,0,0,10,10,10,10,20,other
blow up course,USD,140,0%,0%,High,99,0.54,2.08,,,,,,210,170,140,140,90,90,70,90,140,210,210,210,other
blow up houses near me,USD,20,200%,200%,Medium,41,0.73,3.00,,,,,,20,20,10,10,20,20,10,20,20,10,20,30,deprioritize_rental
blow up jump,USD,20,100%,0%,High,100,0.25,2.15,,,,,,20,20,20,20,30,20,10,20,20,10,30,20,other
blow up jump house for sale,USD,1300,0%,-32%,High,100,0.27,1.38,,,,,,1600,2400,2400,1300,1000,880,880,880,1300,1300,1300,1300,secondary
blow up jump house near me,USD,10,0%,0%,High,67,,,,,,,,10,10,10,10,10,10,10,10,10,10,10,10,deprioritize_rental
blow up play structure,USD,10,0%,0%,High,100,,,,,,,,0,10,0,10,10,10,10,10,10,10,10,10,other
blow up rental slides near me,USD,10,0%,0%,Medium,66,0.76,2.58,,,,,,10,0,10,10,10,10,0,0,10,10,10,10,deprioritize_rental
blow up slide bounce house,USD,20,100%,33%,High,100,0.38,1.70,,,,,,50,20,20,10,10,10,10,10,30,20,40,40,other
blow up slip and slide for sale,USD,210,457%,179%,High,100,0.30,1.20,,,,,,390,720,390,10,20,20,10,20,50,70,110,390,secondary
blow up water house,USD,20,133%,-22%,High,100,0.36,1.76,,,,,,50,10,10,10,10,10,10,10,20,30,50,70,other
blow up water slide obstacle course,USD,10,100%,0%,High,100,0.23,1.59,,,,,,20,10,10,10,10,10,10,10,10,10,20,20,other
blow water slide,USD,20,25%,25%,High,100,0.39,1.76,,,,,,50,10,10,10,10,10,10,10,10,40,30,50,other
blower for blow up water slide,USD,20,33%,-20%,High,100,0.19,0.76,,,,,,40,20,10,10,10,10,10,0,10,30,20,40,other
blower for jump house,USD,4400,22%,-19%,High,100,0.24,0.92,,,,,,8100,5400,4400,3600,2900,2400,2400,2400,4400,5400,6600,6600,other
blower for moon bounce,USD,70,0%,-18%,High,100,0.27,0.98,,,,,,140,70,50,70,50,50,20,50,90,90,70,90,other
blue castle bounce house,USD,30,0%,33%,High,100,0.83,2.80,,,,,,30,40,40,30,20,10,20,20,10,40,30,40,other
boat bounce house,USD,20,50%,-40%,High,97,1.42,4.79,,,,,,40,30,20,20,20,10,10,20,30,20,20,30,other
boulder dash inflatable,USD,10,0%,100%,Medium,50,,,,,,,,10,10,10,10,10,10,10,20,10,20,40,20,other
bounce about prices,USD,10,0%,0%,High,90,,,,,,,,10,10,10,10,10,10,20,10,10,10,10,10,other
bounce about rental near me,USD,10,0%,0%,High,89,0.67,1.65,,,,,,10,10,10,0,10,0,10,10,10,10,10,10,deprioritize_rental
bounce and party rentals,USD,20,33%,0%,Medium,51,0.63,2.75,,,,,,30,20,20,10,20,10,10,10,10,30,40,40,deprioritize_rental
bounce and play bounce house,USD,140,-64%,0%,High,99,0.26,2.26,,,,,,90,110,90,90,90,70,70,70,90,390,170,140,other
bounce and slide inflatables,USD,20,0%,-40%,High,100,0.51,1.88,,,,,,40,30,30,30,10,10,10,10,10,30,40,30,other
bounce and water slide combo,USD,10,0%,0%,High,100,0.43,3.00,,,,,,10,10,10,10,10,10,0,10,10,10,10,10,other
bounce around bounce house,USD,210,23%,-33%,High,98,0.29,1.93,,,,,,320,320,260,170,170,170,140,140,210,260,320,320,other
bounce around inflatable,USD,1300,0%,0%,Low,12,0.07,1.07,,,,,,1600,1300,1000,880,1300,1600,1900,1600,1900,1300,1300,1300,other
bounce around inflatable rentals,USD,30,-25%,0%,Low,18,,,,,,,,40,40,30,10,10,10,20,20,40,40,30,30,deprioritize_rental
bounce around rentals near me,USD,10,0%,0%,Medium,58,0.89,1.95,,,,,,20,10,10,10,10,10,10,10,10,10,10,10,deprioritize_rental
bounce bounce house,USD,20,0%,-33%,High,100,1.16,2.69,,,,,,40,20,30,40,20,20,20,10,30,20,30,20,other
bounce for sale near me,USD,20,100%,100%,High,100,0.29,1.03,,,,,,30,20,20,20,20,10,10,10,10,10,10,20,secondary
bounce for you inflatables,USD,10,∞,0%,Low,29,,,,,,,,10,10,0,10,10,10,10,10,10,0,10,10,other
bounce house 15x15 for sale,USD,70,-22%,-22%,High,100,0.28,1.32,,,,,,110,90,90,50,30,30,50,30,70,90,70,70,secondary
bounce house 5 in 1 combo,USD,90,-21%,22%,High,100,0.66,2.28,,,,,,110,170,110,70,50,40,40,50,70,140,90,110,other
bounce house afterpay,USD,10,0%,0%,High,100,,,,,,,,10,10,10,0,10,10,10,0,10,10,10,10,other
bounce house age range,USD,40,0%,150%,Medium,59,,,,,,,,10,30,90,50,30,20,20,20,20,50,50,50,other
bounce house and slide for sale,USD,480,23%,-18%,High,100,0.26,1.08,,,,,,720,480,480,390,390,320,320,320,590,480,590,590,secondary
bounce house and slide rentals near me,USD,10,-67%,-50%,Medium,50,1.34,2.17,,,,,,10,10,40,10,10,0,10,10,10,30,20,10,deprioritize_rental
bounce house and water slide for sale,USD,20,67%,0%,High,100,0.28,1.09,,,,,,20,40,20,10,10,10,10,10,30,30,30,50,secondary
bounce house and water slide rentals near me,USD,20,67%,-29%,High,71,1.25,2.39,,,,,,50,30,10,10,0,10,10,10,20,30,50,50,deprioritize_rental
bounce house around me,USD,40,250%,75%,High,81,0.86,2.75,,,,,,50,50,40,30,20,30,20,20,30,20,40,70,other
bounce house at home,USD,30,-33%,-33%,High,100,0.22,0.97,,,,,,30,20,20,30,40,20,20,20,30,30,40,20,other
bounce house at park,USD,10,0%,0%,Low,21,,,,,,,,20,10,10,10,0,10,10,20,20,10,10,10,other
bounce house big slide,USD,20,50%,0%,High,100,0.42,1.64,,,,,,20,10,10,20,10,10,20,20,30,20,20,30,other
bounce house blow up,USD,30,25%,0%,High,100,0.31,0.90,,,,,,30,40,20,20,40,20,20,20,40,40,40,50,other
bounce house bounce house,USD,110000,23%,0%,High,100,0.33,1.86,,,,,,110000,110000,110000,90500,74000,74000,74000,74000,135000,110000,135000,135000,other
bounce house bundles,USD,20,-33%,-50%,High,100,0.44,1.51,,,,,,20,20,10,10,10,10,10,20,30,30,10,20,other
bounce house business for sale craigslist,USD,10,0%,-100%,Unknown,,,,,,,,,10,0,0,10,10,0,0,0,0,0,0,0,secondary
bounce house buying guide,USD,10,0%,-100%,Unknown,,,,,,,,,10,10,10,10,10,0,0,10,10,0,10,0,other
bounce house capacity,USD,50,-67%,-67%,Medium,45,,,,,,,,40,70,140,90,90,40,20,20,20,30,20,10,other
bounce house china,USD,10,0%,100%,High,100,0.29,1.29,,,,,,20,10,10,20,10,10,10,10,20,20,30,20,other
bounce house clearance sale,USD,40,125%,350%,High,99,0.23,1.29,,,,,,20,20,30,40,20,20,30,20,70,40,90,90,other
bounce house co,USD,320,0%,0%,High,80,0.88,3.51,,,,,,480,390,390,260,170,140,260,170,320,480,390,480,other
bounce house course,USD,40,-20%,-20%,High,97,1.08,2.09,,,,,,40,50,20,30,30,10,20,20,40,50,50,40,other
bounce house craigslist,USD,20,100%,0%,High,76,,,,,,,,30,30,20,20,10,10,10,10,20,10,10,20,other
bounce house design,USD,10,0%,-50%,Medium,64,,,,,,,,20,20,10,20,10,10,10,10,20,10,10,10,other
bounce house for,USD,20,100%,0%,High,100,0.18,1.00,,,,,,40,20,20,50,10,20,10,10,20,10,40,20,other
bounce house for adults with slide,USD,10,0%,0%,High,100,,,,,,,,20,10,10,10,10,10,10,0,10,10,10,10,other
bounce house for fun,USD,10,0%,∞,High,100,,,,,,,,10,10,10,10,10,10,10,10,10,10,0,10,other
bounce house for grown ups,USD,10,0%,0%,High,88,,,,,,,,20,10,10,10,10,10,10,10,10,10,10,10,other
bounce house for home use,USD,110,-33%,-50%,High,100,0.27,1.22,,,,,,40,20,30,30,50,880,20,20,50,30,20,20,other
bounce house for sale by owner,USD,10,0%,0%,High,100,,,,,,,,10,10,10,10,10,0,10,10,30,10,0,10,secondary
bounce house for sale charlotte nc,USD,10,-100%,-100%,Unknown,,,,,,,,,0,0,0,0,0,0,0,0,10,10,0,0,secondary
bounce house for sale chicago,USD,10,0%,0%,High,80,,,,,,,,10,10,10,10,10,0,0,0,0,10,0,10,secondary
bounce house for sale craigslist,USD,10,0%,-50%,High,100,,,,,,,,20,10,10,10,10,10,10,10,10,10,10,10,secondary
bounce house for sale dallas tx,USD,10,0%,-67%,High,95,0.29,1.07,,,,,,20,10,10,10,10,10,10,10,10,10,10,10,secondary
bounce house for sale houston tx,USD,10,0%,0%,High,100,,,,,,,,0,0,10,0,0,0,10,10,10,10,10,10,secondary
bounce house for sale in los angeles ca,USD,10,0%,0%,Medium,40,,,,,,,,0,10,0,0,10,0,10,10,0,10,10,10,secondary
bounce house for sale in store,USD,40,100%,100%,High,100,0.18,1.11,,,,,,30,20,70,320,10,20,10,10,10,10,30,20,secondary
bounce house for sale las vegas,USD,10,-100%,-100%,Unknown,,,,,,,,,10,20,10,10,10,0,10,10,0,10,10,0,secondary
bounce house for water,USD,9900,124%,-18%,High,100,0.35,1.65,,,,,,22200,8100,2900,1600,1300,1300,1900,3600,9900,12100,22200,27100,other
bounce house full size,USD,10,100%,0%,High,100,0.28,1.44,,,,,,10,10,20,10,10,10,10,10,20,10,10,20,other
bounce house giant,USD,20,50%,-25%,High,100,0.21,0.77,,,,,,20,30,10,20,30,20,10,10,20,20,30,30,other
bounce house height,USD,10,0%,0%,High,93,,,,,,,,10,10,10,10,20,20,10,10,10,10,10,10,other
bounce house house,USD,20,0%,0%,High,100,,,,,,,,30,10,30,20,20,10,20,10,20,20,30,20,other
bounce house huge,USD,110,0%,56%,High,100,0.22,1.53,,,,,,70,90,90,110,70,70,90,50,110,140,170,140,other
bounce house in california,USD,30,25%,0%,Medium,55,0.96,2.85,,,,,,50,50,40,30,20,20,20,20,30,40,30,50,other
bounce house in florida,USD,90,40%,-36%,Medium,53,1.33,2.45,,,,,,90,90,90,90,90,70,70,70,90,50,170,70,other
bounce house in garage,USD,70,40%,40%,Low,23,,,,,,,,70,40,40,90,70,70,50,50,70,50,90,70,other
bounce house in the water,USD,20,50%,-40%,High,92,,,,,,,,70,20,10,10,10,10,10,10,10,20,10,30,other
bounce house in water,USD,9900,124%,-18%,High,100,0.35,1.65,,,,,,22200,8100,2900,1600,1300,1300,1900,3600,9900,12100,22200,27100,other
bounce house in winter,USD,70,50%,0%,High,91,0.54,1.75,,,,,,50,70,140,140,210,140,90,20,20,20,20,30,other
bounce house instructions,USD,10,0%,0%,Low,0,,,,,,,,10,10,10,10,10,10,10,10,10,10,10,10,other
bounce house investment,USD,10,0%,0%,Medium,35,1.27,9.76,,,,,,10,10,0,10,0,0,10,10,10,10,10,10,other
bounce house jump,USD,590,0%,-18%,High,100,0.53,2.49,,,,,,590,590,590,590,590,390,480,480,720,590,590,590,other
bounce house manufacturers in california,USD,10,0%,0%,Medium,57,0.69,2.61,,,,,,10,10,10,10,10,10,10,10,10,10,10,10,primary
bounce house measurements,USD,210,-19%,-19%,High,100,0.31,1.19,,,,,,210,210,260,260,170,140,170,140,210,260,260,210,other
bounce house moonwalk,USD,320,0%,-18%,High,99,0.30,2.31,,,,,,320,320,320,320,260,170,210,320,320,320,390,320,other
bounce house near me now,USD,20,-33%,-33%,Low,20,,,,,,,,30,10,20,20,20,10,10,10,20,30,30,20,deprioritize_rental
bounce house near us,USD,20,0%,0%,High,73,0.71,2.60,,,,,,20,20,10,20,20,20,20,10,30,30,30,30,other
bounce house new york,USD,320,0%,-56%,High,87,0.77,2.27,,,,,,590,390,320,260,260,170,260,210,320,260,210,260,other
bounce house now,USD,20,-67%,-67%,High,83,,,,,,,,10,20,20,10,10,10,20,10,20,30,20,10,other
bounce house on the water,USD,9900,124%,-18%,High,100,0.35,1.65,,,,,,22200,8100,2900,1600,1300,1300,1900,3600,9900,12100,22200,27100,other
bounce house on water,USD,9900,124%,-18%,High,100,0.35,1.65,,,,,,22200,8100,2900,1600,1300,1300,1900,3600,9900,12100,22200,27100,other
bounce house on water near me,USD,70,367%,-46%,Low,24,0.41,2.21,,,,,,260,110,20,20,10,10,20,10,20,30,70,140,deprioritize_rental
bounce house outside,USD,880,-23%,-23%,High,100,0.28,1.41,,,,,,880,880,880,720,720,590,590,590,1300,1300,1300,1000,other
bounce house parts,USD,10,0%,0%,High,100,,,,,,,,10,10,20,10,10,10,10,10,10,10,20,10,other
bounce house princess castle,USD,210,24%,24%,High,100,0.40,1.67,,,,,,260,320,170,170,140,110,140,140,260,170,210,210,other
bounce house pvc material,USD,20,100%,-33%,High,87,,,,,,,,10,20,90,10,30,30,10,10,10,10,10,20,other
bounce house rates,USD,10,0%,0%,High,76,,,,,,,,10,10,10,10,10,10,10,10,10,10,10,10,other
bounce house re,USD,10,0%,-50%,High,86,1.50,2.88,,,,,,50,10,10,10,10,10,10,10,10,10,20,10,other
bounce house rental business for sale,USD,20,-50%,-67%,Medium,39,,,,,,,,30,90,50,10,10,10,10,10,10,20,20,10,secondary
bounce house rental how much,USD,10,0%,0%,Low,17,,,,,,,,10,20,20,10,10,10,10,10,10,10,10,10,deprioritize_rental
bounce house rental package deals,USD,10,0%,∞,High,86,,,,,,,,10,10,10,10,10,0,0,10,0,10,10,10,deprioritize_rental
bounce house rental price list,USD,10,0%,0%,High,98,,,,,,,,10,10,10,10,10,10,10,10,10,10,10,10,deprioritize_rental
bounce house rentals around me,USD,10,100%,0%,Medium,55,1.01,2.08,,,,,,10,10,20,10,10,10,10,10,10,10,20,20,deprioritize_rental
bounce house rentals for sale,USD,10,0%,0%,High,98,0.15,1.20,,,,,,10,10,10,10,0,10,10,10,20,10,10,10,secondary
bounce house repairs,USD,320,0%,-19%,High,96,0.26,1.64,,,,,,480,390,390,320,260,170,170,170,320,390,390,390,other
bounce house requirements,USD,10,0%,-50%,Low,4,,,,,,,,20,20,10,10,10,10,10,10,10,10,10,10,other
bounce house set up,USD,90,0%,-55%,High,73,,,,,,,,140,320,140,90,70,30,50,40,70,50,90,50,other
bounce house shopping,USD,210,0%,23%,High,97,0.23,1.33,,,,,,260,260,210,170,140,170,110,140,260,320,320,320,other
bounce house slide water,USD,12100,124%,-18%,High,100,0.38,1.75,,,,,,27100,14800,5400,2400,1900,1900,2900,4400,12100,14800,22200,33100,other
bounce house slides for rent,USD,880,14%,-38%,High,98,0.80,2.21,,,,,,1300,1000,1000,880,480,320,480,480,1000,880,1000,1000,deprioritize_rental
bounce house specials,USD,10,0%,0%,High,92,0.78,2.42,,,,,,10,10,10,10,10,10,10,0,10,10,10,10,other
bounce house splash water slide,USD,10,-100%,-100%,Unknown,,,,,,,,,10,10,0,0,0,0,0,0,0,10,10,0,other
bounce house to buy cheap,USD,1000,-18%,-33%,High,100,0.21,1.09,,,,,,390,320,260,170,110,110,140,880,8100,390,480,320,secondary
bounce house trailer,USD,30,0%,-20%,Low,8,,,,,,,,40,40,30,40,10,20,20,20,30,40,70,40,other
bounce house truck,USD,90,-36%,-50%,High,100,0.85,1.96,,,,,,210,170,90,70,40,50,90,110,70,110,70,70,other
bounce house under $150,USD,50,133%,40%,High,100,0.17,1.25,,,,,,90,40,40,40,40,50,40,30,50,30,50,70,other
bounce house waterslide combo for sale,USD,10,0%,-50%,High,100,0.27,0.90,,,,,,10,10,10,10,10,10,10,10,10,10,10,10,secondary
bounce house weight,USD,70,-18%,-18%,High,82,0.28,0.78,,,,,,90,90,90,70,70,40,50,50,110,110,110,90,other
bounce house wet,USD,170,129%,-19%,High,100,0.43,1.80,,,,,,390,210,90,30,20,20,30,30,210,210,390,480,other
bounce house wet and dry,USD,210,22%,-19%,High,100,0.42,1.64,,,,,,320,210,140,90,90,50,90,140,390,320,320,390,other
bounce house wholesale suppliers,USD,10,-100%,-100%,Unknown,,,,,,,,,10,10,10,10,10,10,10,10,10,10,10,0,primary
bounce house with a pool,USD,720,90%,-34%,High,100,0.32,1.63,,,,,,1600,590,320,170,140,110,210,320,880,1000,1600,1900,other
bounce house with pool and slide,USD,210,127%,0%,High,100,0.34,1.69,,,,,,390,260,210,90,70,40,70,70,210,260,390,590,other
bounce house with two slides,USD,30,133%,0%,High,100,0.31,1.45,,,,,,40,40,20,20,20,10,10,20,20,30,40,70,other
bounce house with waterslide and pool,USD,10,100%,100%,High,100,0.46,1.49,,,,,,20,10,0,10,0,0,0,10,10,10,10,20,other
bounce houses are us,USD,10,100%,-33%,Medium,58,0.91,2.73,,,,,,20,30,20,10,10,10,10,10,10,10,30,20,other
bounce it out inflatables,USD,20,200%,-40%,Low,11,,,,,,,,50,20,20,10,10,10,10,10,10,10,30,30,other
bounce jump house,USD,590,0%,-18%,High,100,0.53,2.49,,,,,,590,590,590,590,590,390,480,480,720,590,590,590,other
bounce manufacturer,USD,10,0%,0%,Medium,43,,,,,,,,10,10,10,10,10,10,10,10,10,10,10,10,primary
bounce n slide inflatables,USD,20,0%,-33%,Medium,48,,,,,,,,40,10,10,10,10,10,10,10,20,20,20,20,other
bounce n slide party rentals,USD,70,80%,-47%,Low,21,0.77,2.54,,,,,,140,170,90,90,40,50,40,50,30,50,70,90,deprioritize_rental
bounce n slide rentals,USD,10,0%,0%,High,86,,,,,,,,10,10,10,0,0,10,10,10,0,10,10,10,deprioritize_rental
bounce on sale,USD,10,0%,-50%,High,100,0.04,0.76,,,,,,10,10,10,10,10,20,10,10,10,10,10,10,other
bounce party inflatables,USD,50,0%,-22%,Low,30,0.90,6.00,,,,,,70,70,50,30,10,10,20,20,70,70,50,70,other
bounce round water slide,USD,30,300%,0%,High,100,0.32,1.66,,,,,,70,50,20,10,10,10,10,10,30,10,40,40,other
bounce slide combo,USD,20,50%,50%,High,100,0.59,1.85,,,,,,30,20,10,40,10,10,10,10,20,20,20,30,other
bounce slides for rent,USD,480,50%,-18%,High,73,0.72,1.99,,,,,,720,720,590,480,210,110,170,210,390,480,720,720,deprioritize_rental
bounce slides near me,USD,20,-33%,-33%,High,90,1.05,2.39,,,,,,30,30,20,20,10,10,10,10,10,30,20,20,deprioritize_rental
bounce time inflatables,USD,50,29%,29%,Medium,63,0.57,1.76,,,,,,70,50,50,40,50,30,20,30,70,70,90,90,other
bounce warehouse,USD,10,-50%,0%,High,93,,,,,,,,10,10,20,10,20,10,10,20,20,20,10,10,other
bounce water inflatable sales,USD,40,-20%,-43%,High,83,0.20,1.68,,,,,,90,50,30,20,20,30,10,30,50,50,50,40,other
bounce water sales,USD,10,0%,-50%,High,100,0.20,1.48,,,,,,10,10,10,10,10,10,10,10,10,10,10,10,other
bouncebuy,USD,10,0%,0%,High,100,0.31,1.76,,,,,,20,10,10,20,10,10,10,10,10,10,10,10,other
bouncehouses com,USD,10,0%,-50%,High,100,0.38,1.50,,,,,,20,10,10,10,10,10,10,10,20,10,10,10,other
bouncer business,USD,10,0%,0%,Low,14,,,,,,,,10,10,10,10,10,10,10,0,0,10,10,10,other
bouncer for sale near me,USD,20,100%,100%,High,100,0.29,1.03,,,,,,30,20,20,20,20,10,10,10,10,10,10,20,secondary
bouncer obstacle course,USD,170,-19%,-19%,High,100,0.57,2.17,,,,,,170,170,260,210,140,90,110,110,170,260,260,210,other
bouncers inflatable rentals,USD,320,-19%,0%,Low,11,0.58,1.79,,,,,,320,210,210,390,390,390,480,320,320,320,260,260,deprioritize_rental
bouncing balloon rentals,USD,10,0%,0%,High,72,0.68,3.74,,,,,,20,10,20,10,10,10,10,10,10,10,20,10,deprioritize_rental
bouncing equipment,USD,20,0%,-50%,High,84,,,,,,,,30,20,20,20,20,10,10,20,10,10,20,10,other
bouncy bounce near me,USD,10,-50%,-50%,Medium,43,,,,,,,,10,10,10,10,10,10,10,30,10,20,20,10,deprioritize_rental
bouncy bounce rentals,USD,30,67%,67%,Medium,46,0.81,2.35,,,,,,40,40,30,30,20,10,20,10,20,30,40,50,deprioritize_rental
bouncy bouncy house,USD,10,100%,0%,High,80,,,,,,,,10,10,10,10,10,10,10,10,10,10,10,20,other
bouncy castle house,USD,1300,0%,-16%,High,98,0.38,1.90,,,,,,1600,1600,1600,1300,1000,880,1000,1000,1600,1600,1600,1600,other
bouncy castle inflatables for sale,USD,260,100%,0%,High,100,0.18,1.53,,,,,,170,1600,1000,10,110,30,20,10,20,10,10,20,secondary
bouncy castle on the water,USD,140,86%,0%,High,100,0.39,1.81,,,,,,260,140,70,50,50,30,70,90,170,210,260,390,other
bouncy in water,USD,10,-50%,0%,Low,0,,,,,,,,20,20,10,10,10,10,10,10,10,20,20,10,other
bouncy jumpers,USD,70,0%,-36%,High,98,0.24,1.72,,,,,,90,90,90,70,70,70,50,70,70,70,50,70,other
bouncy slides near me,USD,20,50%,0%,High,95,1.10,2.90,,,,,,30,20,20,20,10,10,10,10,10,20,30,30,deprioritize_rental
bouncy water slide for adults,USD,10,0%,0%,High,100,,,,,,,,10,10,0,0,0,0,0,0,0,10,10,10,other
bouncy with slide,USD,390,51%,-18%,High,100,0.38,1.70,,,,,,590,480,390,320,210,170,170,210,390,390,590,590,other
bouncy with water slide,USD,10,200%,200%,High,100,0.23,1.68,,,,,,10,10,10,10,0,0,0,10,10,10,20,30,other
bouncyhouses,USD,10,0%,100%,High,100,0.44,2.47,,,,,,10,10,10,10,10,10,10,10,10,20,10,20,other
buy big water slide,USD,10,0%,0%,High,100,0.26,0.83,,,,,,20,10,10,10,0,0,0,10,10,10,10,10,secondary
buy giant inflatable water slide,USD,90,143%,55%,High,100,0.23,1.40,,,,,,110,90,170,110,90,50,40,30,50,70,90,170,secondary
buy inflatables near me,USD,10,0%,0%,High,100,,,,,,,,10,0,10,10,10,10,10,10,10,10,10,10,secondary
buy jumping castle online,USD,10,-100%,0%,Unknown,,,,,,,,,0,0,0,10,0,0,0,0,0,10,0,0,secondary
buy new bouncy castle,USD,10,-100%,-100%,Unknown,,,,,,,,,10,10,0,0,0,10,10,10,10,10,0,0,secondary
buy used inflatable water slide,USD,10,0%,0%,High,100,0.46,1.90,,,,,,10,0,10,10,10,10,0,10,10,10,10,10,secondary
candy playland bounce house,USD,10,0%,0%,High,100,,,,,,,,10,10,10,10,10,10,10,10,10,10,10,10,other
carnival themed bounce house,USD,30,0%,-25%,High,100,0.77,1.87,,,,,,40,40,40,30,10,10,20,20,40,30,40,30,other
castle blow up,USD,20,0%,0%,High,100,,,,,,,,10,10,10,20,20,10,10,10,30,20,10,20,other
castle jumping,USD,20,50%,50%,High,94,,,,,,,,20,20,20,20,20,30,20,30,10,20,20,30,other
castle moon bounce,USD,20,200%,0%,High,100,0.64,2.25,,,,,,20,30,20,20,20,20,20,10,20,10,20,30,other
castle water slide bounce house,USD,10,100%,-33%,High,100,,,,,,,,20,10,10,10,0,0,10,0,10,10,20,20,other
cheap bouncers for sale,USD,10,0%,∞,High,86,,,,,,,,10,0,10,10,0,0,0,0,10,10,10,10,secondary
cheap bouncy castle to buy,USD,10,0%,0%,High,92,0.14,0.92,,,,,,10,10,0,10,10,0,0,0,10,10,10,10,other
cheap commercial bouncy castles for sale,USD,10,0%,0%,Unknown,,,,,,,,,0,0,0,0,0,0,0,10,0,0,0,0,primary
cheap commercial water slides for sale,USD,10,0%,-75%,High,100,0.46,1.77,,,,,,10,10,10,0,10,0,10,10,10,10,10,10,primary
cheap indoor bounce house,USD,20,0%,-75%,High,100,,,,,,,,10,10,20,10,30,20,20,20,20,10,20,10,other
cheap inflatable slides,USD,30,350%,29%,High,99,0.40,1.76,,,,,,40,40,10,10,10,10,20,20,20,20,70,90,other
cheap inflatable water slides for sale,USD,20,150%,25%,High,98,0.12,0.94,,,,,,20,20,10,10,0,10,10,10,10,20,40,50,secondary
cheap jump house,USD,20,-67%,-50%,High,100,0.43,2.80,,,,,,20,30,20,20,10,10,10,20,40,30,20,10,other
cheap water slide for sale,USD,140,88%,-46%,High,100,0.17,1.18,,,,,,390,140,70,30,10,20,20,20,140,170,210,320,secondary
colorful bounce house,USD,30,-25%,-25%,High,100,,,,,,,,30,30,20,20,10,20,40,20,30,40,50,30,other
combo bounce,USD,10,-50%,0%,Medium,63,,,,,,,,20,10,10,10,10,10,10,10,10,20,10,10,other
combo bounce house with slide,USD,50,0%,0%,High,97,0.52,2.08,,,,,,50,50,90,50,20,40,30,40,70,70,70,70,other
combo bouncer,USD,10,100%,100%,High,100,0.35,2.03,,,,,,10,20,10,10,50,10,10,10,10,10,10,20,other
combo bouncer rentals,USD,70,-50%,-93%,Low,5,,,,,,,,140,390,10,10,0,30,20,70,30,20,40,10,deprioritize_rental
combo inflatable,USD,50,-22%,-36%,High,99,0.76,2.00,,,,,,70,90,50,40,20,50,30,40,70,90,90,70,other
combo jumpers for sale,USD,10,-50%,0%,High,100,0.09,1.36,,,,,,20,10,10,10,10,10,10,10,10,20,20,10,secondary
combo slide,USD,50,75%,40%,High,96,0.53,2.10,,,,,,50,50,50,50,40,70,20,40,70,40,40,70,other
commercial blow up water slides for sale,USD,210,129%,-19%,High,100,0.38,2.13,,,,,,590,140,170,50,70,30,50,70,210,210,320,480,primary
commercial bounce house for sale amazon,USD,90,-100%,0%,Unknown,,,,,,,,,10,10,0,1000,10,90,10,10,10,10,10,0,primary
commercial bounce houses for sale california,USD,10,0%,0%,High,100,0.52,3.37,,,,,,0,10,0,10,10,10,10,0,10,10,0,10,primary
commercial inflatable bouncer,USD,30,-33%,-33%,High,94,0.68,3.50,,,,,,20,30,90,50,40,20,10,10,10,30,20,20,primary
commercial inflatable bouncers for sale,USD,10,0%,0%,High,100,1.13,2.17,,,,,,10,30,10,10,0,10,10,10,20,10,10,10,primary
commercial inflatable jumpers,USD,30,-33%,-33%,High,94,0.68,3.50,,,,,,20,30,90,50,40,20,10,10,10,30,20,20,primary
commercial inflatable jumpers for sale,USD,10,0%,0%,High,100,1.13,2.17,,,,,,10,30,10,10,0,10,10,10,20,10,10,10,primary
commercial inflatable pool slide,USD,10,50%,-40%,High,100,0.59,1.68,,,,,,20,10,10,10,10,10,10,10,10,20,20,30,primary
commercial inflatable water slide with pool,USD,10,0%,-57%,High,100,0.34,1.97,,,,,,40,20,10,10,10,10,10,10,10,30,30,30,primary
commercial water slide cost,USD,10,0%,-50%,High,100,,,,,,,,10,10,10,10,10,10,0,10,10,10,10,10,primary
commercial water slide rental,USD,30,200%,29%,High,100,0.51,1.60,,,,,,70,30,10,0,10,10,10,10,10,30,40,90,primary
commercial water slide wholesale,USD,10,0%,-67%,High,100,1.22,5.19,,,,,,10,10,10,0,0,0,10,0,10,10,10,10,primary
construction bounce house for sale,USD,10,0%,0%,High,100,,,,,,,,10,10,10,10,10,10,10,10,10,10,10,10,secondary
cost of inflatable water slide,USD,50,180%,56%,High,95,0.21,1.69,,,,,,110,70,30,10,10,10,20,10,50,50,90,140,other
cost of water slide,USD,210,50%,0%,High,92,0.19,1.59,,,,,,390,260,140,70,50,90,70,90,170,320,390,480,other
cost rent bounce house,USD,1000,-23%,-23%,Medium,49,0.65,1.85,,,,,,1000,1300,1000,1000,720,480,720,720,1000,1300,1300,1000,deprioritize_rental
cost to rent bouncy castle,USD,70,-29%,-44%,Medium,51,0.54,1.79,,,,,,50,70,70,70,30,30,30,40,110,70,140,50,deprioritize_rental
cost to rent inflatable obstacle course,USD,10,0%,0%,Medium,49,0.31,1.60,,,,,,10,10,10,10,10,10,0,10,10,10,10,10,deprioritize_rental
cutting edge creation,USD,10,-50%,0%,Medium,50,1.79,6.86,,,,,,10,10,10,10,10,10,10,20,10,20,10,10,branded
cutting edge creations inflatables,USD,50,29%,800%,High,92,1.09,4.90,,,,,,20,40,30,50,50,20,40,40,110,70,70,90,branded
defender dome,USD,70,0%,29%,Low,5,,,,,,,,40,30,40,50,30,90,90,50,140,90,90,90,other
defender dome inflatable,USD,20,33%,0%,Low,18,,,,,,,,20,20,20,10,20,20,30,30,20,30,40,40,other
different types of bounce houses,USD,10,-50%,0%,High,100,,,,,,,,20,10,20,10,10,10,10,10,10,20,10,10,other
dinosaur bounce,USD,50,0%,33%,High,83,1.01,2.34,,,,,,30,50,50,50,30,50,40,40,50,40,70,40,other
dinosaur bounce house water slide,USD,10,50%,0%,High,100,0.47,2.07,,,,,,30,20,10,10,0,10,10,10,20,20,30,30,other
dinosaur bounce house with slide,USD,20,-25%,50%,High,100,0.51,1.71,,,,,,40,40,30,10,10,10,10,20,30,40,20,30,other
dinosaur inflatable slide,USD,30,-20%,-43%,High,100,0.58,1.87,,,,,,50,30,20,20,10,10,10,10,50,50,20,40,other
disco bounce house for sale,USD,10,0%,0%,Unknown,,,,,,,,,0,0,0,10,0,0,0,0,10,0,10,0,secondary
disco dome bounce house for sale,USD,10,0%,-100%,Unknown,,,,,,,,,10,0,10,10,0,10,10,0,0,0,10,0,secondary
discount bounce houses for sale,USD,1000,-18%,-33%,High,100,0.21,1.09,,,,,,390,320,260,170,110,110,140,880,8100,390,480,320,secondary
discount bouncer,USD,50,0%,-44%,High,100,0.30,2.10,,,,,,70,40,30,40,30,20,40,70,90,50,50,50,other
disney princess bounce house for sale,USD,10,0%,0%,High,92,,,,,,,,10,10,10,10,10,10,10,10,10,10,10,10,secondary
diy bounce house,USD,20,0%,-60%,Medium,58,,,,,,,,20,30,30,20,10,10,10,10,30,20,20,20,other
dry water slide,USD,20,200%,0%,Medium,43,,,,,,,,30,20,10,10,10,10,20,10,10,10,20,30,other
dual lane inflatable water slide,USD,40,250%,-56%,High,100,0.50,1.95,,,,,,70,50,10,20,10,10,10,10,30,40,70,140,other
extra helper ez roller,USD,20,400%,400%,Low,2,,,,,,,,10,20,10,10,10,10,10,10,110,10,40,50,other
extreme bounce houses,USD,50,-20%,-43%,Medium,40,0.90,3.75,,,,,,70,90,90,20,30,30,20,30,70,50,70,40,other
fire bounce house,USD,20,0%,100%,High,100,1.00,3.15,,,,,,10,20,20,20,20,10,20,20,20,20,10,20,other
fire department bounce house,USD,10,0%,-33%,High,100,1.32,5.49,,,,,,20,20,10,20,10,10,10,20,10,20,10,20,other
fire dog bounce house,USD,10,0%,0%,Medium,36,,,,,,,,10,10,10,10,10,10,10,10,10,10,10,10,other
fire truck bounce house for sale,USD,20,-50%,-50%,High,100,0.60,1.58,,,,,,10,20,30,90,20,20,10,10,10,20,20,10,secondary
fire truck bouncer,USD,20,100%,-33%,High,95,,,,,,,,10,30,10,20,20,10,20,10,20,10,10,20,other
fire truck bouncy castle,USD,10,100%,-33%,High,93,,,,,,,,20,10,10,10,10,20,10,10,10,10,20,20,other
firefighter inflatables,USD,70,-20%,33%,High,79,0.27,6.88,,,,,,70,40,50,90,140,170,40,20,70,50,30,40,other
flat bounce house,USD,20,0%,0%,High,100,0.32,0.81,,,,,,10,30,30,70,20,20,20,10,20,20,20,20,other
fortnite inflatable bounce house,USD,10,0%,0%,High,100,,,,,,,,10,10,0,10,0,0,10,10,10,10,0,10,other
full size inflatable water slide,USD,10,100%,-33%,High,100,0.28,0.61,,,,,,10,10,10,10,10,10,0,10,10,10,10,20,other
full size water slide,USD,10,100%,-33%,High,98,0.28,1.51,,,,,,20,10,10,10,10,0,10,10,10,10,20,20,other
fun house bounce house,USD,70,22%,-21%,Medium,66,1.36,1.98,,,,,,110,90,70,70,50,40,70,40,70,90,90,110,other
fun house inflatables,USD,30,25%,25%,High,93,0.50,2.52,,,,,,70,40,30,50,20,10,10,10,20,40,50,50,other
fun inflatable,USD,590,23%,-18%,High,99,0.43,2.17,,,,,,590,590,720,1000,590,590,390,390,480,480,590,590,other
fun jump houses,USD,50,0%,-57%,High,100,0.52,1.69,,,,,,70,110,140,40,10,10,30,30,70,30,30,30,other
fun jumps for sale near me,USD,10,0%,0%,Medium,50,,,,,,,,10,10,10,10,10,0,0,0,0,10,10,10,secondary
giant blow up obstacle course,USD,10,0%,0%,High,100,0.30,1.59,,,,,,10,10,10,10,10,10,10,10,10,20,20,20,other
giant bounce house with slide,USD,20,0%,-50%,High,100,0.34,1.69,,,,,,20,20,30,40,10,10,10,20,30,20,40,20,other
giant bouncy slide,USD,10,0%,-50%,High,100,0.28,1.99,,,,,,10,10,20,20,10,10,10,10,10,10,20,10,other
giant inflatable bouncy castle,USD,10,0%,0%,High,100,,,,,,,,10,10,10,10,10,10,10,10,10,10,10,10,other
giant inflatable castle,USD,20,-25%,200%,High,100,0.21,1.99,,,,,,10,20,20,10,10,10,20,30,20,40,30,30,other
giant inflatable house,USD,140,555%,700%,High,100,0.16,1.37,,,,,,70,50,90,140,140,70,90,70,70,110,110,720,other
giant jump house,USD,20,100%,0%,High,100,,,,,,,,20,20,20,20,10,20,20,10,10,10,10,20,other
giant jumping castle for sale,USD,10,∞,0%,High,100,,,,,,,,0,10,0,10,0,0,0,10,10,0,0,10,secondary
giant water slide bounce house,USD,20,133%,0%,High,100,0.39,1.92,,,,,,40,20,10,10,10,10,0,10,10,30,20,70,other
giant water slides for adults,USD,30,133%,40%,High,100,0.29,1.82,,,,,,50,20,10,10,10,20,30,10,10,30,40,70,other
gorilla bounce water slide,USD,10,0%,0%,Medium,36,,,,,,,,10,10,10,10,10,10,10,0,10,10,10,10,other
gorilla inflatables,USD,210,50%,50%,High,86,0.62,3.69,,,,,,170,210,320,880,140,90,110,70,110,140,170,210,other
grey bounce house,USD,10,0%,0%,High,100,,,,,,,,10,10,10,10,10,10,10,10,10,10,10,10,other
heated bounce house rental,USD,40,0%,0%,Low,0,,,,,,,,10,20,90,70,90,70,50,20,10,10,10,10,deprioritize_rental
heavy duty water slides for sale,USD,10,100%,100%,High,100,0.25,1.74,,,,,,10,10,10,10,0,0,0,10,10,10,10,20,secondary
home inflatables,USD,10,0%,0%,High,93,,,,,,,,20,10,10,10,20,20,10,10,20,10,10,10,other
house bounce house,USD,20,300%,100%,High,100,0.81,1.94,,,,,,10,20,10,10,10,10,20,20,10,10,20,40,other
house bouncer,USD,20,100%,100%,High,73,,,,,,,,10,10,10,10,20,20,10,10,20,10,20,20,other
house inflatable,USD,4400,0%,50%,High,100,0.14,1.50,,,,,,4400,3600,4400,5400,4400,3600,3600,4400,4400,6600,5400,6600,other
house of jumpers,USD,10,0%,0%,Low,0,,,,,,,,10,10,10,10,10,10,10,10,10,10,10,10,other
house party inflatables,USD,30,33%,-20%,Medium,54,1.06,3.53,,,,,,70,40,30,10,10,10,10,10,30,30,30,40,other
house water slide,USD,20,67%,25%,High,100,0.39,1.78,,,,,,70,20,20,10,10,10,10,20,30,30,20,50,other
huge bouncy,USD,10,0%,0%,Low,0,,,,,,,,10,10,20,10,10,10,10,30,10,10,10,10,other
huge jumping castle,USD,20,100%,-60%,High,100,,,,,,,,10,20,20,30,10,10,30,20,30,10,10,20,other
huge water bounce house,USD,210,85%,-33%,High,100,0.37,1.75,,,,,,390,140,70,30,40,30,50,90,210,260,480,480,other
impact mat for bounce house,USD,20,200%,-25%,High,100,0.62,1.82,,,,,,40,20,20,10,10,10,10,10,30,10,30,30,other
in store bounce house,USD,10,50%,0%,High,100,0.17,1.36,,,,,,20,10,20,10,10,10,10,10,10,20,10,30,other
indoor bounce house business,USD,30,-50%,-50%,Low,17,,,,,,,,20,20,110,20,40,30,30,40,10,20,30,10,other
indoor bounce house business profit,USD,10,∞,0%,Low,0,,,,,,,,10,10,0,10,10,10,0,10,0,0,10,10,other
indoor inflatable jump house,USD,10,0%,0%,High,100,,,,,,,,10,10,10,10,20,20,10,10,10,10,10,10,other
indoor jump castle,USD,210,-18%,-33%,High,100,0.25,1.68,,,,,,210,170,170,260,320,320,260,140,260,170,140,140,other
indoor outdoor inflatable bounce house,USD,10,0%,0%,High,100,0.17,0.99,,,,,,10,10,10,10,20,10,10,10,10,10,10,10,other
industrial blow up slides,USD,10,∞,0%,High,100,,,,,,,,10,0,10,10,0,0,10,0,10,0,10,10,other
industrial inflatable water slides for sale,USD,10,0%,0%,High,100,,,,,,,,10,10,10,0,10,10,0,0,0,10,10,10,secondary
inflatable adult waterslide,USD,10,100%,100%,High,100,0.14,1.53,,,,,,20,10,0,0,0,0,0,0,10,10,10,20,other
inflatable blow up slide,USD,20,33%,33%,High,100,0.37,1.72,,,,,,40,20,10,10,10,0,0,10,10,30,30,40,other
inflatable bounce and slide,USD,10,0%,-67%,High,100,0.34,1.88,,,,,,10,10,10,10,10,10,10,10,10,10,10,10,other
inflatable bounce house business for sale,USD,10,0%,0%,Medium,59,,,,,,,,10,10,10,10,10,10,10,10,10,10,10,10,secondary
inflatable bounce house park,USD,210,-46%,189%,Medium,52,0.52,1.88,,,,,,70,30,320,110,90,70,50,30,590,480,390,260,other
inflatable bounce house with slide and blower,USD,10,∞,200%,High,100,,,,,,,,10,10,0,10,10,0,0,10,10,0,10,30,other
inflatable bounce house without blower,USD,10,0%,-50%,High,93,0.22,0.71,,,,,,10,20,10,10,30,10,10,10,20,10,10,10,other
inflatable bounce houses for sale on clearance,USD,10,0%,0%,High,100,,,,,,,,0,10,10,10,10,0,10,10,10,10,10,10,secondary
inflatable bounce near me,USD,20,100%,0%,High,89,0.67,4.42,,,,,,20,30,10,20,20,10,10,10,10,10,20,20,deprioritize_rental
inflatable bounce pool,USD,20,67%,-44%,High,100,0.35,0.93,,,,,,40,20,10,10,10,10,10,10,20,30,50,50,other
inflatable bounce toys,USD,260,-64%,67%,High,95,0.27,1.05,,,,,,40,140,320,70,880,1300,260,90,70,140,40,50,other
inflatable bouncer blower,USD,10,-50%,0%,High,100,,,,,,,,30,10,10,10,10,10,20,10,10,20,10,10,other
inflatable bouncer castle,USD,720,0%,-41%,High,100,0.31,1.80,,,,,,1300,1300,1600,590,590,320,390,390,590,590,590,590,other
inflatable bouncy castle slide,USD,30,-33%,-71%,High,100,0.38,3.40,,,,,,50,110,20,10,20,10,20,10,10,30,30,20,other
inflatable business packages,USD,10,-100%,-100%,Unknown,,,,,,,,,10,10,10,0,10,10,10,10,10,10,10,0,other
inflatable castle price,USD,70,40%,-22%,High,100,0.19,1.04,,,,,,40,70,50,70,50,30,50,50,90,50,110,70,other
inflatable castle slide,USD,30,-33%,-71%,High,100,0.38,3.40,,,,,,50,110,20,10,20,10,20,10,10,30,30,20,other
inflatable castle water slide,USD,210,50%,0%,High,100,0.40,1.79,,,,,,480,260,140,90,110,50,70,90,210,320,320,480,other
inflatable castle with slide,USD,390,0%,-34%,High,100,0.40,1.70,,,,,,480,480,480,320,210,210,210,170,390,390,390,390,other
inflatable co,USD,320,-33%,23%,Medium,66,1.29,4.44,,,,,,210,210,480,320,210,140,110,140,210,480,720,320,other
inflatable cost,USD,40,33%,33%,Medium,45,0.23,1.68,,,,,,30,40,40,70,20,10,10,20,20,30,90,40,other
inflatable dinosaur bounce house,USD,70,27%,180%,High,100,0.46,1.25,,,,,,50,50,50,20,30,30,40,50,140,110,170,140,other
inflatable equipment,USD,20,0%,-33%,Low,15,,,,,,,,30,20,20,20,10,20,20,20,20,20,20,20,other
inflatable halloween bounce house,USD,70,100%,-50%,High,89,0.54,1.49,,,,,,70,110,210,210,10,10,10,10,10,10,20,20,other
inflatable haunted maze,USD,590,27%,27%,High,95,0.20,0.89,,,,,,170,320,880,4400,390,70,70,70,90,110,140,140,other
inflatable house blower,USD,10,0%,-33%,High,100,,,,,,,,10,10,10,10,10,10,10,10,10,20,20,20,other
inflatable houses near me,USD,30,0%,-40%,High,97,0.95,2.56,,,,,,40,30,20,30,50,30,20,10,30,30,30,30,deprioritize_rental
inflatable jump house indoor,USD,20,-50%,0%,High,100,,,,,,,,10,20,10,10,30,40,30,20,20,20,20,10,other
inflatable jump house near me,USD,390,0%,-19%,High,99,0.91,2.70,,,,,,390,390,390,390,320,170,210,260,480,390,480,390,deprioritize_rental
inflatable jump house with slide,USD,20,50%,0%,High,100,0.28,1.50,,,,,,30,10,10,10,20,10,10,10,30,20,20,30,other
inflatable jump near me,USD,30,150%,0%,High,100,0.88,4.50,,,,,,40,40,30,70,30,10,20,20,30,20,30,50,deprioritize_rental
inflatable jumper rentals near me,USD,90,75%,600%,Low,18,0.83,2.22,,,,,,30,20,20,110,30,170,320,30,40,40,40,70,deprioritize_rental
inflatable jumper with slide,USD,10,100%,0%,High,100,0.54,1.35,,,,,,10,10,10,10,20,10,10,10,20,10,20,20,other
inflatable jumpers for rent near me,USD,90,75%,600%,Low,18,0.83,2.22,,,,,,30,20,20,110,30,170,320,30,40,40,40,70,deprioritize_rental
inflatable jumping balloon,USD,10,0%,0%,High,100,,,,,,,,10,10,10,10,20,10,10,10,10,10,10,10,other
inflatable obstacle course for adults for sale,USD,10,0%,0%,High,100,,,,,,,,0,20,10,10,10,0,10,10,10,10,10,10,secondary
inflatable obstacle course with slide,USD,30,0%,-40%,High,100,0.57,2.00,,,,,,50,30,50,50,30,10,10,20,20,30,40,30,other
inflatable parkour course,USD,30,67%,0%,High,91,0.74,1.98,,,,,,40,40,30,30,20,10,20,30,20,30,50,50,other
inflatable party packages,USD,10,0%,0%,Medium,50,,,,,,,,10,10,10,10,10,10,10,10,10,10,10,10,other
inflatable party slide,USD,30,150%,0%,High,93,0.46,2.00,,,,,,30,70,20,20,20,10,10,10,40,20,40,50,other
inflatable play center rental,USD,10,-100%,-100%,Unknown,,,,,,,,,10,10,10,10,0,0,10,0,0,10,10,0,deprioritize_rental
inflatable play ground,USD,10,0%,0%,High,75,,,,,,,,10,10,10,10,10,10,10,10,10,10,10,10,other
inflatable play structure,USD,170,0%,-82%,High,100,0.36,1.02,,,,,,140,480,480,480,90,50,140,10,30,30,40,30,other
inflatable pool bouncy castle,USD,10,0%,0%,High,77,,,,,,,,10,0,0,0,0,0,10,10,10,10,10,10,other
inflatable price,USD,30,33%,33%,High,100,0.22,1.90,,,,,,20,20,20,20,10,20,20,20,30,30,140,40,other
inflatable rental business for sale,USD,30,0%,-67%,Low,14,,,,,,,,50,90,110,30,10,10,10,10,30,10,10,10,secondary
inflatable rental cost,USD,10,0%,-50%,Low,30,0.69,2.00,,,,,,10,10,10,10,10,10,10,10,10,10,10,10,deprioritize_rental
inflatable rental places near me,USD,10,0%,0%,Medium,60,2.09,9.56,,,,,,10,10,10,10,10,10,10,10,10,10,10,10,deprioritize_rental
inflatable repair company near me,USD,10,0%,-100%,Unknown,,,,,,,,,10,10,10,10,10,10,10,10,10,0,0,0,deprioritize_rental
inflatable rides for sale,USD,10,∞,0%,Medium,57,,,,,,,,10,10,0,10,10,10,10,10,10,0,10,10,secondary
inflatable roller coaster,USD,30,67%,25%,Medium,56,,,,,,,,40,20,20,40,10,30,30,10,10,30,30,50,other
inflatable slide bouncer,USD,90,27%,0%,High,100,0.42,1.87,,,,,,140,110,70,50,50,70,30,40,90,110,140,140,other
inflatable slide business,USD,10,0%,0%,High,100,,,,,,,,10,10,0,0,10,0,10,10,10,10,10,10,other
inflatable slide large,USD,10,100%,0%,High,100,0.22,2.01,,,,,,20,20,10,10,10,10,10,10,10,10,30,20,other
inflatable slide price,USD,10,0%,0%,High,100,0.26,0.73,,,,,,10,10,10,10,10,10,10,10,10,10,10,10,other
inflatable slip n slide for sale,USD,20,100%,100%,High,100,0.26,1.55,,,,,,20,10,140,10,10,30,40,10,10,10,10,20,secondary
inflatable stores near me,USD,30,100%,-20%,High,87,,,,,,,,50,20,30,40,20,20,10,20,10,20,30,40,deprioritize_rental
inflatable train bounce house,USD,20,0%,-33%,High,100,,,,,,,,40,30,40,20,20,10,20,30,10,20,20,20,other
inflatable trampoline rental near me,USD,10,0%,0%,Medium,41,0.44,2.26,,,,,,10,10,10,10,0,10,0,10,10,10,10,10,deprioritize_rental
inflatable tree house,USD,20,100%,100%,Medium,46,,,,,,,,20,10,30,20,30,20,10,40,20,20,30,40,other
inflatable w,USD,10,100%,-33%,Medium,44,,,,,,,,20,10,10,10,10,10,10,0,10,10,20,20,other
inflatable water bounce,USD,20,133%,-22%,High,100,0.35,1.39,,,,,,50,20,10,10,10,10,10,10,30,30,70,70,other
inflatable water jump,USD,30,133%,0%,High,100,0.35,1.70,,,,,,70,40,20,10,10,10,10,20,40,30,70,70,other
inflatable water jumper,USD,30,133%,0%,High,100,0.35,1.70,,,,,,70,40,20,10,10,10,10,20,40,30,70,70,other
inflatable water near me,USD,20,250%,40%,High,99,,,,,,,,40,30,10,10,10,10,10,10,10,20,30,70,deprioritize_rental
inflatable water slide accessories,USD,10,-50%,-33%,High,72,,,,,,,,10,10,10,0,20,10,10,10,10,40,10,20,other
inflatable water slide air blower,USD,40,800%,-18%,High,100,0.28,0.83,,,,,,90,30,170,10,10,10,10,10,30,10,50,90,other
inflatable water slide business,USD,10,100%,0%,High,97,0.30,4.34,,,,,,40,10,10,10,10,10,10,10,10,10,20,20,other
inflatable water slide companies,USD,50,175%,22%,High,100,0.75,2.72,,,,,,170,210,10,10,10,10,10,10,70,40,50,110,other
inflatable water slide payment plan,USD,10,0%,-67%,High,97,0.82,2.65,,,,,,10,10,0,0,0,0,0,0,0,10,10,10,other
inflatable water slide price,USD,50,180%,56%,High,95,0.21,1.69,,,,,,110,70,30,10,10,10,20,10,50,50,90,140,other
inflatable water slide repair near me,USD,20,0%,0%,Low,4,,,,,,,,10,30,70,40,30,10,10,10,20,20,20,20,deprioritize_rental
inflatable water slide tall,USD,40,120%,22%,High,99,0.40,1.53,,,,,,70,30,10,10,10,10,10,10,40,50,90,110,other
inflatable water slide weight limit,USD,50,180%,-18%,High,94,0.27,1.65,,,,,,140,70,20,10,10,10,10,10,30,50,90,140,other
inflatable water slide with air blower,USD,40,800%,-18%,High,100,0.28,0.83,,,,,,90,30,170,10,10,10,10,10,30,10,50,90,other
inflatable water slides cheap,USD,320,175%,-12%,High,100,0.25,1.61,,,,,,720,320,90,50,20,40,40,70,210,320,590,880,other
inflatable waterslides for adults,USD,20,150%,67%,High,100,0.28,1.32,,,,,,40,20,10,10,0,10,0,10,40,20,40,50,other
inflatable wet dry slides for sale,USD,10,-100%,-100%,Unknown,,,,,,,,,10,10,10,0,10,0,10,0,10,10,10,0,secondary
inflatables for teenagers,USD,50,0%,0%,High,100,0.44,1.74,,,,,,50,50,50,50,30,30,10,20,50,70,90,70,other
inflatables los angeles,USD,10,0%,0%,High,100,0.92,7.77,,,,,,10,10,10,10,10,10,10,10,10,10,10,10,other
inflatables near me for sale,USD,10,0%,-50%,High,100,0.29,1.75,,,,,,20,10,10,10,30,10,10,10,10,10,10,10,secondary
inflate a bounce,USD,10,0%,-50%,Low,29,,,,,,,,10,10,20,10,10,10,10,10,10,10,10,10,other
interactive inflatables for sale,USD,20,0%,0%,High,78,,,,,,,,10,20,70,40,20,20,10,10,10,10,10,10,secondary
jump and bounce rentals,USD,20,-33%,-33%,Medium,41,1.66,7.32,,,,,,20,30,40,20,10,10,10,20,20,30,10,20,deprioritize_rental
jump and slide inflatables,USD,90,91%,320%,Medium,51,0.95,2.56,,,,,,90,50,90,90,50,50,90,140,140,110,110,210,other
jump balloon inflatables,USD,10,0%,0%,High,100,,,,,,,,10,10,10,10,20,10,10,10,10,10,10,10,other
jump bounce house near me,USD,30,0%,-33%,Medium,60,1.44,2.04,,,,,,40,40,40,30,20,10,30,30,40,20,20,20,deprioritize_rental
jump house business for sale,USD,10,0%,0%,Low,0,,,,,,,,10,10,10,10,10,10,10,10,10,10,10,10,secondary
jump house for sale near me,USD,20,-67%,0%,High,100,0.22,1.44,,,,,,10,20,10,20,10,10,20,10,30,30,30,10,secondary
jump house houston,USD,390,-18%,-33%,High,68,0.80,3.89,,,,,,390,390,390,390,390,320,390,320,480,390,390,320,other
jump house prices,USD,20,0%,0%,High,99,0.27,1.84,,,,,,20,10,20,20,10,10,10,10,10,20,10,20,other
jump house slide,USD,5400,23%,0%,High,100,0.40,1.76,,,,,,6600,5400,5400,4400,4400,2900,2900,3600,6600,6600,8100,8100,other
jump house with pool,USD,10,200%,-25%,High,100,0.24,0.89,,,,,,20,10,10,10,10,10,0,10,20,10,40,30,other
jump in bouncy castles,USD,10,0%,0%,Low,0,,,,,,,,10,10,10,10,0,0,10,0,10,10,10,10,other
jump jump bounce,USD,70,267%,175%,Low,18,0.54,1.05,,,,,,50,30,20,20,50,210,70,30,50,30,70,110,other
jump jump house,USD,10,0%,0%,High,95,,,,,,,,10,10,10,10,10,10,10,0,10,10,10,10,other
jump jump inflatables,USD,390,-19%,-19%,High,100,0.61,2.26,,,,,,390,390,480,390,320,320,260,320,390,480,480,390,other
jump on it bounce house,USD,30,200%,-25%,Low,8,,,,,,,,40,30,20,40,20,20,30,20,30,10,20,30,other
jump slides,USD,320,23%,0%,High,69,0.42,2.25,,,,,,480,390,320,320,260,210,260,210,260,390,480,480,other
jumper and slide,USD,880,0%,0%,Medium,51,0.61,2.62,,,,,,1000,720,590,720,720,880,1000,880,1000,1000,1000,1000,other
jumper and water slide combo,USD,140,86%,0%,High,100,0.62,2.50,,,,,,210,170,110,70,40,30,50,50,170,140,210,260,other
jumper business for sale,USD,10,0%,0%,Low,14,,,,,,,,10,10,10,10,10,10,10,10,10,10,10,10,secondary
jumper inflatable bounce,USD,10,-100%,-100%,Unknown,,,,,,,,,10,10,10,10,10,0,10,10,0,10,10,0,other
jumper rental business,USD,10,0%,0%,Medium,34,,,,,,,,10,10,10,10,10,10,10,10,10,10,10,10,deprioritize_rental
jumper slide combo,USD,40,25%,25%,High,100,0.61,1.79,,,,,,20,20,30,30,20,20,70,20,70,40,40,50,other
jumper slides for rent,USD,210,0%,-19%,High,84,0.68,2.02,,,,,,260,210,210,210,140,110,140,140,210,260,210,260,deprioritize_rental
jumper water,USD,320,85%,-28%,High,100,0.43,1.84,,,,,,880,480,170,50,70,50,70,170,480,390,480,720,other
jumper with slide and pool,USD,20,250%,0%,High,100,0.40,1.50,,,,,,40,10,10,10,10,10,10,10,20,20,50,70,other
jumping balloon with slide,USD,20,100%,-33%,High,100,,,,,,,,30,10,10,10,20,10,20,10,20,10,20,20,other
jumping blow up castle,USD,10,0%,-50%,High,100,0.27,1.24,,,,,,10,10,10,10,10,10,10,10,10,10,20,10,other
jumping bouncer for adults,USD,10,0%,∞,High,100,,,,,,,,10,10,30,10,10,10,10,10,10,10,10,10,other
jumping bouncer for rent,USD,30,-50%,-60%,High,86,0.68,2.29,,,,,,40,30,40,30,20,20,20,20,30,40,30,20,deprioritize_rental
jumping bouncers,USD,210,-19%,-19%,High,97,0.20,0.82,,,,,,260,260,210,210,260,210,210,210,260,260,260,210,other
jumping bouncy castle,USD,10,0%,0%,High,80,,,,,,,,10,0,10,10,10,10,10,10,10,10,10,10,other
jumping castle and slide,USD,140,0%,-19%,High,99,0.51,1.76,,,,,,170,210,170,90,50,50,90,90,140,170,140,170,other
jumping castle inflatable,USD,720,0%,-41%,High,100,0.31,1.80,,,,,,1300,1300,1600,590,590,320,390,390,590,590,590,590,other
jumping castle on water,USD,140,86%,0%,High,99,0.42,1.69,,,,,,210,110,40,20,20,10,30,50,210,210,260,390,other
jumping castle online,USD,10,∞,∞,Low,14,,,,,,,,0,10,0,10,0,0,0,0,0,0,0,10,other
jumping castle with slide for sale,USD,10,-80%,0%,Medium,43,,,,,,,,10,10,10,10,10,0,10,10,10,50,0,10,secondary
jumping castle with water slide for sale,USD,10,0%,∞,High,100,,,,,,,,10,0,0,10,0,0,0,0,10,10,10,10,secondary
jumping castles prices,USD,10,-50%,0%,High,91,0.29,1.57,,,,,,20,20,10,20,10,10,10,10,10,20,30,10,other
jumping slides for rent,USD,40,75%,0%,Medium,54,0.75,2.14,,,,,,90,90,50,20,10,10,20,10,40,40,70,70,deprioritize_rental
jumps indoor bounce house,USD,30,-33%,0%,Low,3,,,,,,,,20,30,50,20,10,20,30,20,40,30,10,20,other
jumpy bounce house,USD,10,0%,0%,High,100,,,,,,,,10,10,10,10,0,10,10,10,10,10,10,10,other
jumpy castle rentals near me,USD,10,0%,0%,Unknown,,,,,,,,,0,10,0,0,0,0,0,0,0,0,0,0,deprioritize_rental
jumpy for sale,USD,10,-50%,-67%,High,100,0.40,1.50,,,,,,10,20,20,20,10,10,10,10,20,20,10,10,secondary
jumpy near me,USD,90,57%,22%,Medium,53,0.75,2.74,,,,,,110,110,70,90,90,70,70,90,90,70,90,110,deprioritize_rental
jumpy slide,USD,20,0%,0%,High,98,0.55,2.29,,,,,,40,20,20,20,10,10,10,10,10,40,30,40,other
jungle bounce house rental near me,USD,10,0%,0%,High,95,,,,,,,,10,10,10,10,10,0,10,10,10,10,10,10,deprioritize_rental
jungle bounce house with slide,USD,20,0%,-60%,High,100,0.45,1.65,,,,,,20,30,30,20,10,10,20,10,30,20,20,20,other
jungle bouncy,USD,10,0%,0%,High,67,,,,,,,,10,10,10,10,10,10,10,10,10,10,10,10,other
jungle combo bounce house,USD,10,0%,-67%,High,100,0.50,1.79,,,,,,10,10,10,10,10,10,10,10,10,10,10,10,other
jungle gym bounce house,USD,20,0%,0%,High,80,,,,,,,,10,30,70,20,50,40,10,10,20,10,10,10,other
jungle inflatable bounce house,USD,10,0%,0%,High,100,,,,,,,,10,20,10,10,10,10,10,0,10,10,10,10,other
jungle theme bounce house,USD,40,0%,0%,High,100,0.62,1.99,,,,,,40,40,40,20,30,30,30,30,30,50,40,50,other
kiddiepillar,USD,10,-67%,0%,Low,0,,,,,,,,10,10,10,10,10,10,10,10,10,30,10,10,other
la inflatables,USD,10,0%,0%,Low,14,,,,,,,,10,20,10,20,10,10,10,10,10,10,10,10,other
large adult water slide,USD,20,350%,80%,High,100,0.28,1.59,,,,,,40,20,10,10,0,10,10,10,10,20,50,90,other
large blow up water slide for sale,USD,90,55%,-35%,High,100,0.27,1.09,,,,,,210,140,40,20,10,20,10,30,70,110,140,170,secondary
large bouncy castle to buy,USD,20,0%,-60%,High,94,0.28,1.69,,,,,,30,20,10,10,10,10,10,10,10,20,30,20,other
large commercial inflatable water slides,USD,10,0%,0%,High,100,0.64,3.75,,,,,,10,0,0,0,0,0,0,10,10,10,10,10,primary
large commercial water slides for sale,USD,10,0%,0%,High,100,0.38,1.39,,,,,,10,10,10,0,0,0,10,0,10,10,20,10,primary
large inflatable jump house,USD,10,0%,0%,High,100,0.17,0.94,,,,,,10,10,10,10,10,10,10,10,10,10,10,10,other
large inflatable playground,USD,10,0%,-50%,High,95,,,,,,,,10,10,10,10,10,10,10,10,10,10,10,10,other
large obstacle course inflatable,USD,30,0%,-20%,High,100,0.41,1.74,,,,,,30,30,30,20,10,10,10,20,30,40,50,40,other
largest inflatable bounce house,USD,390,23%,-19%,High,100,0.29,1.59,,,,,,590,590,720,480,320,210,260,170,320,390,480,480,other
licensed bounce houses for sale,USD,10,0%,0%,Unknown,,,,,,,,,10,10,0,10,10,10,0,0,0,0,0,0,secondary
licensed inflatables,USD,10,-50%,0%,High,68,0.63,5.00,,,,,,10,10,10,10,10,10,10,10,10,20,10,10,other
light up bounce house,USD,10,0%,0%,High,100,,,,,,,,10,10,20,10,10,10,10,10,10,10,10,10,other
local inflatables,USD,20,50%,0%,Low,33,0.84,1.60,,,,,,40,20,10,20,10,10,10,10,20,20,30,30,other
magic jump water slides,USD,40,-88%,0%,High,81,1.00,2.50,,,,,,20,10,10,10,10,10,10,10,140,170,30,20,other
massive bounce house,USD,1000,60%,0%,High,100,0.24,1.51,,,,,,1600,1300,1300,880,720,480,720,720,880,1000,1300,1600,other
mermaid bounce house water slide,USD,10,-33%,0%,High,100,0.62,2.68,,,,,,30,10,10,0,10,0,10,10,10,30,10,20,other
mini bounce house rentals,USD,390,-18%,0%,High,100,0.91,2.00,,,,,,390,480,590,320,260,170,390,320,390,390,390,320,deprioritize_rental
mini bounce house with slide,USD,40,0%,33%,High,100,0.19,1.03,,,,,,30,40,30,50,110,30,50,30,40,40,50,40,other
mini golf inflatable,USD,20,-50%,-67%,Medium,57,,,,,,,,30,30,10,20,10,10,10,10,20,20,20,10,other
mini jumpers for sale,USD,10,0%,0%,High,100,,,,,,,,10,10,10,10,10,10,10,10,0,10,10,10,secondary
modular bounce house,USD,70,0%,0%,High,100,0.52,2.44,,,,,,70,90,70,30,40,70,70,50,90,90,110,90,other
monster truck bouncer,USD,30,-40%,200%,High,100,0.96,3.51,,,,,,20,40,20,40,20,10,20,20,20,50,40,30,other
monster truck inflatable bounce house,USD,110,-50%,0%,High,100,0.56,1.93,,,,,,110,170,140,90,70,50,70,110,170,140,110,70,other
moon bounce blowers for sale,USD,10,0%,0%,High,100,0.15,0.66,,,,,,10,10,10,10,10,0,10,0,10,10,10,10,secondary
moon bounce business,USD,10,0%,-50%,Medium,56,,,,,,,,20,10,10,10,10,10,10,10,10,10,10,10,other
moon bounce castle,USD,90,0%,-21%,High,100,0.55,2.08,,,,,,110,140,90,70,90,50,90,70,90,110,140,110,other
moon bounce cost,USD,10,0%,0%,High,89,0.18,1.03,,,,,,10,10,10,10,10,10,10,10,10,10,30,10,other
moon bounce for adults rentals,USD,10,0%,0%,High,79,0.25,1.99,,,,,,10,10,10,0,0,0,0,10,10,10,10,10,deprioritize_rental
moon bounce for sale near me,USD,10,0%,-50%,High,100,0.30,1.01,,,,,,10,30,10,20,10,10,10,10,10,10,10,10,secondary
moon bounce park,USD,20,-50%,-80%,Low,9,,,,,,,,30,30,20,20,10,10,10,20,20,20,20,10,other
moon bounce party,USD,30,0%,-40%,Medium,48,,,,,,,,50,40,40,30,20,20,40,30,30,30,40,30,other
moon bounce price,USD,20,-33%,-33%,High,100,0.19,1.56,,,,,,20,20,10,30,20,10,10,10,20,30,20,20,other
moon bounce store,USD,10,-100%,-100%,Unknown,,,,,,,,,10,10,10,10,10,0,10,10,10,10,10,0,other
moon bounce water slide for sale,USD,10,200%,-40%,High,100,0.21,0.80,,,,,,40,20,10,10,10,10,10,10,20,10,20,30,secondary
moon bouncers for rent,USD,2400,0%,-34%,High,91,0.79,2.24,,,,,,3600,3600,2900,2400,1000,720,1300,1300,2900,2900,2900,2900,deprioritize_rental
moon jump blower,USD,20,0%,-50%,High,100,,,,,,,,10,10,20,30,10,20,20,20,10,10,20,10,other
moon walk bounce house,USD,20,-67%,-86%,Medium,45,,,,,,,,20,10,10,10,10,10,20,30,50,30,10,10,other
moonbounce usa,USD,10,0%,0%,Medium,60,,,,,,,,10,10,20,10,10,10,10,10,10,10,10,10,other
moonbounce waterslide,USD,10,0%,-50%,High,100,0.50,1.33,,,,,,30,10,0,0,10,10,10,0,10,10,10,10,other
moonbounces for sale,USD,590,-18%,-28%,High,100,0.21,1.07,,,,,,880,880,590,590,390,260,390,480,720,880,880,720,secondary
moonwalk bounce,USD,20,-33%,-50%,High,100,0.73,2.08,,,,,,20,20,10,10,20,10,10,20,20,30,30,20,other
moonwalk bounce house for sale,USD,10,0%,-50%,High,100,0.44,2.14,,,,,,10,10,10,10,10,10,10,10,20,10,10,10,secondary
moonwalk bouncy castle,USD,10,0%,0%,High,85,,,,,,,,10,10,10,10,10,10,10,10,10,10,10,10,other
moonwalk business,USD,10,0%,0%,Low,14,,,,,,,,10,10,10,10,10,10,10,10,10,10,10,10,other
moonwalk castle,USD,10,0%,-50%,High,80,,,,,,,,10,10,10,10,10,10,10,10,10,10,10,10,other
moonwalk for sale in houston tx,USD,10,-50%,0%,High,100,,,,,,,,10,10,10,10,10,10,10,10,20,20,10,10,secondary
moonwalk jumper,USD,30,0%,-20%,High,85,0.02,1.55,,,,,,40,50,40,40,30,30,20,10,40,40,40,40,other
moonwalk party,USD,20,-67%,0%,Medium,50,,,,,,,,10,10,20,30,20,20,20,20,20,30,30,10,other
moonwalk prices,USD,20,-33%,-33%,Low,8,,,,,,,,10,20,10,30,10,10,10,10,20,30,20,20,other
moonwalk slides,USD,70,-22%,-50%,High,95,0.53,1.82,,,,,,110,90,70,70,40,50,20,40,90,90,90,70,other
moonwalk water slide for sale,USD,10,0%,0%,High,100,0.25,0.94,,,,,,10,50,10,10,10,10,10,10,10,10,10,10,secondary
moonwalk with slide,USD,70,-22%,-50%,High,95,0.53,1.82,,,,,,110,90,70,70,40,50,20,40,90,90,90,70,other
moonwalkers bounce house,USD,10,0%,-50%,Medium,58,0.04,2.08,,,,,,20,10,10,10,10,10,10,10,10,10,10,10,other
moonwalks for sale near me,USD,10,0%,0%,High,100,,,,,,,,10,10,10,10,10,10,10,10,10,10,10,10,secondary
mybouncehouse,USD,10,0%,0%,Low,17,,,,,,,,0,10,0,10,10,0,10,10,10,10,10,10,other
n flatables cutting edge,USD,10,0%,0%,Medium,60,,,,,,,,10,10,10,10,10,10,10,10,10,10,10,10,branded
new inflatables,USD,20,100%,100%,High,68,0.13,0.68,,,,,,20,20,10,30,10,30,10,10,10,10,20,20,other
new water slides for sale,USD,10,0%,0%,High,100,0.24,1.25,,,,,,30,20,10,10,0,0,0,10,20,10,30,10,secondary
ninja water slide,USD,10,0%,-67%,High,100,,,,,,,,20,10,10,10,0,0,10,10,10,10,10,10,other
nylon bounce house,USD,20,-50%,0%,High,89,,,,,,,,20,10,10,10,10,20,50,10,10,20,30,10,other
obstacle course slide,USD,20,67%,67%,High,96,0.27,1.62,,,,,,20,40,10,20,20,10,10,10,20,30,40,50,other
obstacle course water slide rental near me,USD,10,50%,-40%,Medium,58,0.58,2.52,,,,,,40,20,10,10,10,0,10,10,10,20,20,30,deprioritize_rental
obstacle course with slide,USD,10,0%,0%,High,100,0.87,1.80,,,,,,10,20,10,20,20,10,10,10,10,10,10,10,other
obstacle moon bounce,USD,20,100%,100%,High,91,1.19,2.21,,,,,,20,10,10,10,10,10,20,10,20,10,30,20,other
open front bounce house,USD,10,0%,0%,High,100,,,,,,,,10,20,10,10,10,10,10,10,20,10,10,10,other
opening a bounce house business,USD,10,∞,0%,Medium,50,,,,,,,,10,10,10,10,10,0,10,10,10,0,10,10,other
orange jump bounce house,USD,10,200%,200%,High,100,0.23,1.96,,,,,,10,10,10,10,10,0,10,10,10,10,10,30,other
outdoor bounce park,USD,20,0%,-25%,Low,29,,,,,,,,30,70,20,10,20,10,10,10,30,30,20,30,other
outdoor inflatable bouncers,USD,10,0%,0%,High,100,,,,,,,,10,10,10,10,10,0,10,0,0,10,10,10,other
outdoor water bouncy castle,USD,10,0%,0%,High,100,0.59,1.98,,,,,,0,10,0,0,0,0,0,0,10,10,10,10,other
oxford bounce house,USD,50,67%,150%,High,90,0.24,2.04,,,,,,20,20,90,50,70,50,40,30,50,30,30,50,other
party and jump inflatables,USD,90,89%,143%,Low,16,0.81,4.36,,,,,,140,140,110,90,70,70,30,20,70,90,110,170,other
party blow up water slide,USD,10,0%,0%,High,100,,,,,,,,10,10,0,0,0,0,10,0,10,10,10,10,other
party house inflatables,USD,590,0%,-19%,High,99,0.18,1.69,,,,,,480,480,720,720,480,590,590,390,590,480,590,480,other
party inflatable bouncers,USD,10,0%,0%,Low,25,,,,,,,,10,10,10,20,10,10,10,0,10,10,10,10,other
party jump inflatables,USD,20,0%,0%,Medium,44,0.68,1.71,,,,,,20,10,20,10,20,10,10,10,20,20,20,20,other
party jumper sizes,USD,20,-50%,0%,High,97,0.57,2.14,,,,,,20,20,20,10,10,10,10,20,20,20,20,10,other
party water slides for sale,USD,10,100%,100%,High,100,0.20,1.21,,,,,,20,10,10,0,0,0,0,10,10,10,10,20,secondary
paw patrol inflatable bounce house,USD,40,-25%,-25%,High,83,0.36,1.77,,,,,,50,40,70,40,40,40,30,50,50,40,40,30,other
pirate ship bounce house for sale,USD,10,0%,0%,High,100,,,,,,,,30,10,20,30,10,10,10,10,10,10,10,10,secondary
pirate ship combo bounce house,USD,10,0%,0%,High,80,,,,,,,,20,10,20,10,10,10,10,10,10,10,20,10,other
places to rent inflatables,USD,10,0%,0%,Low,27,1.21,3.11,,,,,,10,10,10,10,10,0,10,10,10,10,10,10,deprioritize_rental
plain bounce house,USD,10,0%,0%,High,100,,,,,,,,10,10,10,10,10,10,10,10,10,10,20,10,other
plain white bounce house,USD,10,0%,0%,High,100,,,,,,,,10,10,10,10,10,10,10,10,10,10,10,10,other
play inflatables,USD,20,0%,0%,High,87,,,,,,,,20,20,10,20,20,10,20,20,20,10,20,10,other
playground bounce house rentals,USD,40,0%,25%,Low,3,,,,,,,,50,50,40,40,40,30,40,30,40,50,50,50,deprioritize_rental
playhouse bounce house,USD,140,-64%,0%,High,99,0.26,2.26,,,,,,90,110,90,90,90,70,70,70,90,390,170,140,other
pogo commercial inflatable water slide,USD,10,-100%,0%,Unknown,,,,,,,,,0,10,0,0,0,0,0,0,0,10,0,0,primary
pool bounce,USD,20,0%,-60%,High,100,0.34,1.89,,,,,,30,10,40,30,10,10,10,10,70,20,10,20,other
princess carriage bounce house,USD,30,-20%,33%,High,89,0.46,1.50,,,,,,30,30,40,20,10,10,20,30,30,50,30,40,other
princess castle bounce house with slide,USD,10,-50%,0%,High,100,,,,,,,,10,10,10,10,10,10,10,0,10,20,10,10,other
princess inflatable bounce house,USD,30,-50%,-50%,High,100,0.31,1.29,,,,,,30,20,20,30,20,20,20,30,50,40,50,20,other
purchase bounce house with slide,USD,10,0%,0%,High,100,,,,,,,,10,10,0,10,10,0,0,10,10,10,10,10,other
pvc inflatable water slide,USD,2400,133%,0%,High,100,0.32,1.19,,,,,,14800,8100,3600,10,0,10,10,10,10,30,70,70,other
rainbow combo bounce house,USD,10,0%,0%,High,100,,,,,,,,10,10,10,0,10,10,0,10,10,10,10,10,other
real bounce house,USD,10,0%,0%,High,100,0.83,1.94,,,,,,10,10,10,10,10,10,10,10,10,10,10,10,other
regular bounce house,USD,30,0%,-20%,High,84,0.18,0.63,,,,,,30,30,20,20,20,10,20,10,40,40,40,40,other
rent a bounce house for a day,USD,10,0%,-50%,High,75,0.70,1.69,,,,,,10,10,10,10,10,10,10,40,10,10,10,10,deprioritize_rental
rent blow up slides near me,USD,10,100%,-33%,Medium,65,0.34,1.80,,,,,,40,20,10,10,10,10,10,10,10,10,10,20,deprioritize_rental
rent jump,USD,210,0%,0%,Medium,61,0.95,2.64,,,,,,210,170,210,170,140,90,140,170,260,210,260,210,deprioritize_rental
rent to own water slides,USD,10,100%,-33%,High,100,0.35,1.65,,,,,,10,10,10,0,10,0,10,0,10,10,10,20,deprioritize_rental
rent water jump house,USD,10,100%,0%,High,100,0.64,1.87,,,,,,20,10,10,0,10,10,0,10,10,10,20,20,deprioritize_rental
replacement parts for inflatable water slides,USD,70,367%,-46%,High,79,0.16,0.59,,,,,,210,110,40,20,10,10,10,20,50,30,70,140,other
round bounce house,USD,210,23%,-33%,High,98,0.29,1.93,,,,,,320,320,260,170,170,170,140,140,210,260,320,320,other
rules for bounce house,USD,10,0%,-67%,Medium,61,,,,,,,,10,10,20,10,10,10,10,10,10,10,10,10,other
scary bounce house,USD,30,-25%,-25%,Low,33,,,,,,,,20,40,30,70,20,10,10,20,20,40,40,30,other
ship bounce house,USD,20,100%,0%,High,100,1.08,2.04,,,,,,20,20,20,20,10,10,20,20,20,10,20,20,other
show me bounce houses,USD,10,0%,0%,High,91,,,,,,,,10,10,10,10,10,10,10,10,0,10,10,10,other
skid loader bounce house for sale,USD,10,0%,0%,High,100,,,,,,,,20,10,10,10,10,10,10,10,10,10,10,10,secondary
slide and bounce house,USD,10,0%,-67%,High,100,0.40,6.08,,,,,,30,30,10,10,10,10,10,10,10,10,10,10,other
slide bounce,USD,390,51%,-18%,High,100,0.38,1.70,,,,,,590,480,390,320,210,170,170,210,390,390,590,590,other
slide jumping,USD,140,21%,0%,High,82,0.38,1.61,,,,,,170,170,140,140,90,90,140,140,170,140,170,170,other
slip and slide inflatable for sale,USD,210,457%,179%,High,100,0.30,1.20,,,,,,390,720,390,10,20,20,10,20,50,70,110,390,secondary
slip and slide jumper,USD,30,133%,40%,High,97,0.47,2.01,,,,,,70,30,10,20,10,10,10,10,20,30,40,70,other
small bounce,USD,40,0%,67%,High,88,,,,,,,,30,40,50,20,40,30,20,20,30,50,70,50,other
small bounce house with water slide,USD,20,100%,-20%,High,100,0.38,1.34,,,,,,50,20,10,10,10,10,0,10,20,20,40,40,other
small castle bounce house,USD,40,75%,75%,High,100,0.25,1.30,,,,,,30,40,50,30,30,10,30,30,30,40,30,70,other
small inflatable bouncer,USD,10,0%,0%,High,67,,,,,,,,20,10,10,10,10,10,10,10,10,10,10,10,other
small inflatable house,USD,20,200%,200%,High,100,,,,,,,,10,20,20,30,20,20,20,30,20,10,20,30,other
small inflatable jumper,USD,10,0%,0%,High,100,0.18,0.60,,,,,,10,10,10,10,10,10,10,10,10,10,10,10,other
small outdoor bounce house,USD,30,0%,67%,High,100,0.16,0.72,,,,,,20,10,20,20,20,10,30,30,50,50,40,50,other
small water jumper,USD,30,125%,-36%,High,100,0.24,1.13,,,,,,70,30,10,10,10,10,10,10,50,40,40,90,other
small water slide jumper,USD,10,100%,-33%,High,100,0.38,1.70,,,,,,40,50,10,0,10,0,10,10,10,10,20,20,other
space jump bounce house,USD,10,0%,0%,High,77,,,,,,,,10,10,0,0,10,10,10,10,10,10,10,10,other
space jump water slide,USD,10,0%,-50%,High,100,1.50,3.67,,,,,,20,10,10,10,10,10,10,0,10,10,10,10,other
spongebob bounce house for sale,USD,20,50%,50%,High,100,,,,,,,,40,20,20,20,10,10,30,20,30,20,30,30,secondary
square bounce house,USD,20,50%,50%,High,100,,,,,,,,40,20,20,20,10,10,10,10,10,20,40,30,other
standard bounce house size,USD,40,-20%,33%,High,100,0.87,2.22,,,,,,40,30,40,50,30,20,30,30,30,50,50,40,other
start a bounce house rental business,USD,10,0%,-67%,Low,5,,,,,,,,20,20,10,10,10,10,10,10,20,10,10,10,deprioritize_rental
starting a bounce house company,USD,10,∞,0%,Low,0,,,,,,,,10,10,10,10,10,0,10,10,10,0,10,10,other
starting an inflatable business,USD,10,0%,0%,Low,0,,,,,,,,10,10,10,10,10,10,10,10,10,10,10,10,other
summer outdoor inflatables,USD,10,-67%,-50%,High,100,0.38,1.96,,,,,,20,10,10,10,0,0,10,10,20,30,20,10,other
superhero inflatable bounce house,USD,10,-100%,-100%,Unknown,,,,,,,,,10,10,10,10,10,10,10,10,10,10,10,0,other
swim bounce house,USD,20,150%,-44%,High,98,0.41,1.75,,,,,,40,20,10,10,10,0,10,10,30,20,40,50,other
texas bounce house,USD,50,0%,-50%,High,96,0.60,2.10,,,,,,70,70,70,50,50,20,50,50,70,70,70,70,other
texas inflatable sales,USD,10,0%,0%,High,89,0.84,6.58,,,,,,10,10,0,0,10,10,0,10,10,10,0,10,other
the bounce house co,USD,260,22%,0%,Low,30,1.06,3.67,,,,,,390,260,320,210,110,70,110,90,210,320,390,390,other
the bounce house store,USD,10,-100%,-100%,Unknown,,,,,,,,,10,0,10,10,0,0,0,0,10,10,10,0,other
the giant bounce house,USD,20,100%,-33%,Medium,40,,,,,,,,30,20,30,10,10,10,10,50,10,10,10,20,other
the jump bounce,USD,50,0%,-29%,Low,3,,,,,,,,50,40,50,30,50,40,50,50,90,50,50,50,other
the jumping house,USD,50,0%,0%,Medium,45,1.02,2.11,,,,,,70,50,50,70,50,40,50,70,70,50,50,50,other
the jumpy house,USD,10,100%,100%,High,80,0.62,4.11,,,,,,10,10,10,30,10,10,10,10,10,10,10,20,other
tiger belly bounce house,USD,20,-50%,-50%,High,80,,,,,,,,20,20,20,10,10,10,10,20,30,20,10,10,other
titanic blow up slide,USD,590,0%,-18%,High,70,1.13,2.25,,,,,,720,720,480,590,390,390,390,320,480,590,720,590,other
titanic bouncy slide,USD,20,150%,67%,Medium,58,1.20,2.17,,,,,,30,20,20,20,20,10,10,10,10,20,30,50,other
titanic slide,USD,260,-19%,-33%,Low,10,0.36,1.74,,,,,,320,320,260,320,260,210,210,170,210,320,390,260,other
titanic water slide,USD,170,88%,-18%,High,91,0.85,1.86,,,,,,320,320,170,90,70,90,110,110,140,170,260,320,other
titanic waterslide,USD,170,88%,-18%,High,91,0.85,1.86,,,,,,320,320,170,90,70,90,110,110,140,170,260,320,other
to the moon bounce house rentals,USD,10,0%,0%,Low,10,,,,,,,,10,10,10,10,10,10,10,0,10,10,10,10,deprioritize_rental
top bounce house,USD,10,0%,-50%,High,100,0.37,1.10,,,,,,10,10,20,10,20,10,10,10,20,10,20,10,other
toy story bounce house for sale,USD,30,250%,250%,High,98,0.21,0.71,,,,,,20,20,10,20,30,10,20,10,50,20,50,70,secondary
tractor inflatable bounce house,USD,20,0%,-67%,High,100,,,,,,,,30,20,30,10,10,10,30,30,20,30,20,30,other
tropical bounce house water slide,USD,10,0%,0%,High,100,0.54,1.55,,,,,,10,10,10,0,10,0,0,10,0,10,10,10,other
tropical water slide bounce house,USD,10,0%,-50%,High,100,0.60,1.55,,,,,,20,10,10,10,10,10,10,0,10,10,20,10,other
twin peak bounce house,USD,10,100%,100%,High,95,0.34,2.27,,,,,,10,10,20,20,10,10,10,10,10,10,10,20,other
types of bounce houses,USD,20,100%,0%,High,97,0.37,1.69,,,,,,40,20,40,30,10,10,20,10,20,20,40,40,other
ufo laser tag inflatable,USD,10,0%,0%,Low,19,,,,,,,,10,10,10,10,10,0,10,10,10,10,10,10,other
ultimate jumper,USD,40,-57%,-57%,High,78,0.82,9.88,,,,,,50,40,40,20,40,40,40,40,50,70,40,30,other
unicorn bounce house combo,USD,10,100%,100%,High,100,,,,,,,,10,10,10,0,10,10,20,10,10,10,10,20,other
unicorn combo bounce house,USD,50,40%,75%,High,98,1.06,2.45,,,,,,70,70,70,40,20,10,20,20,50,50,70,70,other
unicorn inflatable slide,USD,10,0%,-50%,High,86,,,,,,,,10,10,10,10,10,10,10,10,10,10,20,10,other
used blow up water slides,USD,70,180%,-56%,High,100,0.16,1.61,,,,,,170,70,20,10,10,10,10,40,110,50,140,140,other
used blow up water slides for sale,USD,90,133%,0%,High,100,0.21,1.23,,,,,,170,90,110,50,70,30,10,30,90,90,170,210,secondary
used bounce house for sale craigslist,USD,20,0%,0%,High,100,0.07,0.42,,,,,,20,10,20,30,10,10,10,20,40,50,40,50,secondary
used bounce house water slide for sale,USD,10,0%,-67%,High,100,,,,,,,,40,20,10,10,10,10,10,10,10,10,10,10,secondary
used bounce houses for sale commercial,USD,10,0%,0%,High,100,,,,,,,,10,10,0,10,10,0,10,0,10,10,10,10,primary
used bouncers for sale,USD,10,0%,0%,High,89,,,,,,,,10,10,10,10,10,10,10,10,10,10,10,10,secondary
used commercial bounce house,USD,30,67%,25%,High,100,0.22,1.26,,,,,,40,20,20,20,20,10,20,20,40,30,20,50,primary
used commercial bounce house for sale craigslist,USD,10,0%,0%,Unknown,,,,,,,,,0,10,0,0,0,0,0,0,0,0,0,0,primary
used commercial bounce house for sale near me,USD,10,0%,-67%,High,91,0.20,0.41,,,,,,30,10,10,20,10,10,10,10,10,10,20,10,primary
used commercial inflatables,USD,20,250%,133%,High,100,0.32,2.16,,,,,,30,20,10,10,10,10,10,10,10,20,30,70,primary
used commercial water slides for sale near me,USD,30,40%,75%,High,100,0.14,1.52,,,,,,50,20,10,10,10,10,10,20,30,50,40,70,primary
used inflatable bounce house,USD,10,0%,-50%,High,95,,,,,,,,10,20,10,10,10,10,10,10,10,10,20,10,other
used inflatable slides for sale,USD,10,200%,0%,High,100,0.17,0.96,,,,,,30,10,10,10,10,10,10,10,20,10,20,30,secondary
used inflatable water slides for sale near me,USD,10,∞,0%,High,100,0.18,0.93,,,,,,20,0,0,0,10,0,0,0,10,0,10,10,secondary
used inflatables for sale craigslist,USD,10,0%,0%,High,100,,,,,,,,10,10,10,10,10,10,10,10,10,10,10,10,secondary
used inflatables for sale near me,USD,10,0%,-67%,High,92,,,,,,,,30,20,10,10,10,10,10,10,10,10,10,10,secondary
used jump house for sale,USD,10,0%,-50%,High,100,,,,,,,,10,10,20,20,10,10,10,10,10,10,10,10,secondary
used jumpers,USD,20,0%,-67%,Low,11,,,,,,,,20,20,20,20,10,10,10,10,20,10,10,10,other
used moonwalks for sale,USD,10,0%,0%,High,100,,,,,,,,10,10,10,10,10,10,10,10,10,10,10,10,secondary
used water slides for sale in texas,USD,10,-100%,0%,Unknown,,,,,,,,,10,10,0,10,0,0,0,0,0,10,10,0,secondary
wacky 5 in 1 bounce house,USD,10,0%,0%,High,71,,,,,,,,20,10,10,10,10,0,10,10,10,10,10,10,other
wacky world bounce house,USD,20,-60%,-33%,High,95,,,,,,,,30,20,40,20,20,10,10,10,10,50,10,20,other
wacky world inflatable,USD,10,-50%,-50%,High,100,,,,,,,,10,10,10,20,10,20,10,10,10,20,10,10,other
warehouse bounce house,USD,90,0%,-21%,High,99,0.28,1.61,,,,,,110,110,70,70,90,50,70,70,90,110,110,110,other
watchdog blower siren,USD,90,0%,27%,Low,9,0.54,2.53,,,,,,110,110,140,90,70,50,90,70,110,140,110,140,other
watchdog inflatable blower siren,USD,10,-75%,-50%,Low,3,,,,,,,,10,10,30,10,10,10,10,10,10,40,10,10,other
watchdog siren,USD,30,-67%,0%,Low,7,,,,,,,,20,30,70,30,50,10,20,10,10,30,20,10,other
water bounce house for sale near me,USD,20,150%,0%,High,100,0.20,1.32,,,,,,50,10,10,10,10,0,0,10,10,20,40,50,secondary
water bouncy castle for sale,USD,10,0%,0%,High,100,,,,,,,,10,10,0,0,0,0,0,0,10,10,10,10,secondary
water combo bounce house,USD,10,0%,-50%,High,100,0.82,1.82,,,,,,10,10,0,0,0,0,0,10,20,10,10,10,other
water jump house for sale,USD,20,50%,-57%,High,100,0.19,1.04,,,,,,50,10,10,10,10,0,10,10,20,20,40,30,secondary
water jumper near me,USD,70,180%,-46%,Medium,62,0.76,2.87,,,,,,260,140,20,10,10,10,20,10,90,50,70,140,deprioritize_rental
water jumpers for adults,USD,10,200%,-57%,High,97,0.30,1.31,,,,,,40,10,10,0,10,10,10,10,10,10,20,30,other
water jumping castle for rent,USD,10,0%,0%,Medium,43,,,,,,,,10,0,0,10,0,0,0,0,10,10,10,10,deprioritize_rental
water moon bounce rentals near me,USD,10,0%,-50%,High,91,1.09,3.31,,,,,,10,10,0,0,0,0,0,10,0,10,10,10,deprioritize_rental
water moonwalks,USD,50,120%,-35%,High,98,0.68,1.75,,,,,,110,70,30,20,10,10,10,10,70,50,110,110,other
water moonwalks for sale,USD,10,0%,0%,High,100,0.19,3.98,,,,,,10,10,10,0,10,10,0,10,20,10,10,10,secondary
water play bounce house,USD,20,150%,0%,High,100,0.31,1.52,,,,,,50,20,10,0,10,10,10,10,10,20,40,50,other
water slide accessories,USD,20,25%,0%,High,100,0.15,0.84,,,,,,70,30,10,10,10,10,10,0,10,40,20,50,other
water slide blowers for sale,USD,10,100%,-50%,High,100,0.28,1.29,,,,,,20,10,10,10,10,10,10,10,10,10,10,20,secondary
water slide bounce house adults,USD,590,82%,-16%,High,100,0.29,1.65,,,,,,1300,590,210,140,140,140,210,210,720,880,1300,1600,other
water slide bounce houses for rent near me,USD,10,200%,-40%,High,69,0.80,1.82,,,,,,30,20,10,10,0,0,10,10,10,10,30,30,deprioritize_rental
water slide bounce rental near me,USD,10,0%,0%,Medium,39,,,,,,,,10,0,0,10,0,0,0,10,10,10,10,10,deprioritize_rental
water slide business,USD,10,200%,-25%,High,100,0.29,2.31,,,,,,40,30,10,10,10,10,10,10,10,10,20,30,other
water slide for sale los angeles ca,USD,10,300%,33%,High,100,0.22,1.01,,,,,,50,10,10,10,10,0,10,10,10,10,20,40,secondary
water slide for sell,USD,30,0%,0%,High,100,0.24,1.44,,,,,,90,30,20,0,10,10,10,10,40,70,50,70,other
water slide inflatable sale,USD,110,191%,23%,High,100,0.24,1.21,,,,,,260,110,40,20,10,10,10,20,110,110,320,320,other
water slide jumper combo,USD,140,86%,0%,High,100,0.62,2.50,,,,,,210,170,110,70,40,30,50,50,170,140,210,260,other
water slide jumper near me,USD,70,325%,-19%,High,97,0.75,2.86,,,,,,260,140,50,20,20,10,10,20,50,40,70,170,deprioritize_rental
water slide jumping castle for sale,USD,10,0%,-50%,High,100,,,,,,,,20,10,10,10,0,0,10,0,10,10,20,10,secondary
water slide rental business,USD,10,100%,100%,Low,5,,,,,,,,20,10,10,10,0,10,10,10,10,20,30,40,deprioritize_rental
water slide sale near me,USD,10,200%,-40%,High,100,0.14,0.45,,,,,,40,10,10,0,0,10,0,10,10,10,20,30,deprioritize_rental
water slide size,USD,30,200%,0%,High,100,0.49,1.95,,,,,,70,50,30,10,0,10,10,10,30,30,70,90,other
water slide with bouncer,USD,10,0%,-50%,High,100,,,,,,,,10,10,10,0,0,10,10,0,10,10,10,10,other
water slide with jumper,USD,480,171%,23%,High,100,0.47,1.88,,,,,,880,480,260,50,30,50,40,140,590,590,880,1600,other
water slides and bouncers,USD,390,108%,-23%,High,100,0.38,1.78,,,,,,880,390,140,70,50,40,70,140,480,480,880,1000,other
water slides big,USD,1000,85%,-17%,High,100,0.23,1.69,,,,,,1900,1000,480,260,170,210,320,480,1000,1300,1900,2400,other
water slides for sale houston,USD,10,200%,0%,High,100,0.24,0.77,,,,,,20,10,10,10,0,0,0,10,10,10,10,30,secondary
water slides for sale in san antonio,USD,10,0%,0%,High,100,,,,,,,,10,10,0,10,0,0,0,0,10,10,10,10,secondary
water slides for sale los angeles,USD,10,300%,33%,High,100,0.22,1.01,,,,,,50,10,10,10,10,0,10,10,10,10,20,40,secondary
water slides for sale texas,USD,10,0%,0%,High,100,1.07,3.91,,,,,,10,10,0,0,10,10,10,0,10,10,10,10,secondary
waterslide combo,USD,30,40%,0%,High,100,0.64,1.99,,,,,,50,50,10,10,10,10,10,10,20,50,40,70,other
waterslide jump house rental,USD,10,100%,-60%,High,97,0.85,2.29,,,,,,10,10,0,0,0,0,0,0,10,10,10,20,deprioritize_rental
waterslide warehouse,USD,10,100%,100%,High,100,0.31,1.08,,,,,,10,10,10,0,0,0,0,10,10,10,10,20,other
waterslides and bounce houses,USD,10,50%,-57%,High,100,0.36,1.87,,,,,,30,10,10,0,10,10,10,10,20,20,30,30,other
waterslides bounce house,USD,12100,124%,-18%,High,100,0.38,1.75,,,,,,27100,14800,5400,2400,1900,1900,2900,4400,12100,14800,22200,33100,other
wayfair water bounce house,USD,20,67%,-44%,High,100,0.59,0.91,,,,,,40,20,10,10,0,10,10,10,30,30,50,50,other
weight limit for a bounce house,USD,10,100%,100%,Low,4,,,,,,,,10,10,10,10,10,10,10,10,10,10,20,20,other
weight limit on blow up water slides,USD,10,0%,-50%,High,69,,,,,,,,10,10,10,10,0,0,0,0,10,10,10,10,other
western inflatables,USD,40,0%,-57%,High,93,0.51,1.62,,,,,,70,30,30,50,40,70,30,30,30,30,40,30,other
wet and dry bounce house rentals,USD,10,0%,0%,High,71,,,,,,,,10,0,10,0,0,0,0,0,0,10,0,10,deprioritize_rental
wet and dry inflatable slide,USD,90,29%,-47%,High,100,0.32,1.68,,,,,,140,320,110,40,40,10,30,50,90,70,140,90,other
wet bounce,USD,20,50%,50%,Medium,50,,,,,,,,30,40,20,20,10,20,20,10,20,20,20,30,other
wet combo bounce house,USD,10,200%,-25%,High,100,0.97,2.22,,,,,,40,10,10,10,0,10,10,10,10,10,20,30,other
wet dry water slide,USD,20,33%,-20%,High,100,0.32,1.81,,,,,,40,30,10,10,0,10,10,10,30,30,30,40,other
wet inflatable rentals,USD,10,0%,-50%,High,71,0.48,1.75,,,,,,20,0,0,0,0,0,0,10,10,10,10,10,deprioritize_rental
wet inflatables,USD,30,267%,57%,High,100,0.46,1.85,,,,,,70,20,10,10,10,10,10,10,10,30,50,110,other
wet water slide,USD,10,300%,-20%,High,98,0.33,1.69,,,,,,30,20,10,10,0,10,10,10,20,10,30,40,other
white bounce house price,USD,10,0%,0%,High,100,,,,,,,,10,10,10,10,10,0,10,10,10,10,10,10,other
white jumper bounce house,USD,20,0%,0%,High,100,0.43,1.68,,,,,,30,20,20,10,20,10,20,10,20,10,10,10,other
white wedding bounce house for sale,USD,10,0%,0%,High,100,,,,,,,,0,10,0,10,10,0,0,10,0,10,10,10,secondary
wholesale commercial water slides,USD,10,200%,200%,High,100,0.77,6.49,,,,,,10,10,10,10,10,0,0,0,10,10,10,30,primary
www bouncehouse com,USD,10,-100%,0%,Unknown,,,,,,,,,10,0,0,0,10,10,0,0,10,10,0,0,other
yard inflatable bounce house,USD,10,0%,-67%,High,100,,,,,,,,20,10,20,10,10,10,10,10,10,10,10,10,other
